-- Dumping data for table test.users: ~3 rows (approximately)
INSERT INTO `users` (`id`, `custom_id`, `fname`, `lname`, `username`, `email`, `email_verified_at`, `verify_token`, `password`, `phone`, `address`, `country_id`, `state_id`, `city_id`, `zip_code`, `image`, `role`, `status`, `admin_commission`, `wallet_balance`, `remember_token`, `created_at`, `updated_at`) VALUES
	(1, NULL, 'bidout', 'com', 'Super Admin', 'admin@gmail.com', '2024-01-22 01:05:00', NULL, '$2y$10$P/5kmQZx3hXTZuL2pCwLbOLFVWwSQMUy5M8XbiBSsyd4ipT12e2Mm', '017902240245', 'House#168/170, Road 02, Avenue 01, Mirpur DOHS', '1', '2', '3', '1216', 'eg-logo-1702294552.png', 4, 1, NULL, 0.00, 'VDZFBPYTpp', '2024-01-22 01:05:00', '2024-01-22 01:05:00'),
	(2, 'MC0001', 'bidout', 'com', 'Merchant', 'merchant@gmail.com', '2024-01-22 01:05:00', NULL, '$2y$10$ydaP8YeCp3GBYX2W3k.opOGpnn6ev4SgAJkR7OJhoSn23Ieacc4W2', '017902240265', 'House#168/170, Road 02, Avenue 01, Mirpur DOHS', '1', '2', '3', '1216', 'egens-SRHpAdtn.Team-04-1703581489.png', 2, 1, NULL, 0.00, 'CuAZS1tojJ', '2024-01-22 01:05:00', '2024-01-22 01:05:00'),
	(3, 'MC0002', 'bidout', 'com', 'Cutomer', 'customer@gmail.com', '2024-01-22 01:05:00', NULL, '$2y$10$uL2ge6x29GvhRVZCrP3GUeIgU4bCefRiVL5OLzy2vv6PpY6ucd54W', '017902240275', 'House#168/170, Road 02, Avenue 01, Mirpur DOHS', '1', '2', '3', '1216', 'user.png', 1, 1, NULL, 0.00, 'KH1gWqs8tP', '2024-01-22 01:05:00', '2024-01-22 01:05:00');


INSERT INTO `blog_categories` (`id`, `name`, `slug`, `image`, `status`, `created_at`, `updated_at`) VALUES
	(1, 'Electronics', 'electronics', 'Mask groupfjh-1702295909.png', 1, '2024-01-22 01:05:00', '2024-01-22 01:05:00'),
	(2, 'Fashion', 'fashion', 'Fashion-1702295939.jpg', 1, '2024-01-22 01:05:00', '2024-01-22 01:05:00'),
	(3, 'Antiques', 'antiques', 'Music-1702295964.jpg', 1, '2024-01-22 01:05:00', '2024-01-22 01:05:00'),
	(4, 'Vehicles', 'vehicles', 'Auto Cars-1702295986.jpg', 1, '2024-01-22 01:05:00', '2024-01-22 01:05:00'),
	(5, 'Digital Art', 'digital-art', 'Digital Art-1702296012.jpg', 1, '2024-01-22 01:05:00', '2024-01-22 01:05:00');

-- Dumping data for table test.blogs: ~13 rows (approximately)
INSERT INTO `blogs` (`id`, `user_id`, `category_id`, `title`, `meta_title`, `meta_keyward`, `meta_description`, `slug`, `description`, `image`, `tags`, `status`, `enable_seo`, `created_at`, `updated_at`) VALUES
	(1, 1, 2, 'Digital Arts: Transforming Creativity in the Digital Age', NULL, NULL, NULL, 'digital-arts-transforming-creativity-in-the-digital-age', '<p class="MsoListParagraphCxSpFirst" style="text-align: justify;"><span style="font-size: 1rem;">In our rapidly evolving world, the digital landscape has become an integral part of our daily lives. From the moment we wake up to the time we go to bed, we are surrounded by digital products that streamline our tasks, entertain us, and connect us with the world. In this blog post, we will embark on a journey to explore the fascinating realm of digital products and how they continue to shape our modern existence.</span><br></p><p class="MsoListParagraphCxSpFirst" style="text-align: justify;"><span style="font-size: 1rem; font-weight: bolder; text-align: start;">Defining Digital Products:&nbsp;</span><span style="text-align: start; font-size: 1rem;">Digital products encompass a wide array of offerings, ranging from software applications and online platforms to digital content and services. These products are intangible, yet they have a tangible impact on our lives, transforming the way we work, communicate, and engage with the world.</span></p><p class="MsoListParagraphCxSpFirst" style="text-align: justify;"><span style="text-align: start; font-size: 1rem;"><br></span><span style="font-weight: bolder; font-size: 1rem; text-align: start;">The Evolution of Digital Products:&nbsp;</span><span style="text-align: start; font-size: 1rem;">The history of digital products is a narrative of constant innovation. Weve witnessed the progression from basic software applications to sophisticated artificial intelligence-driven solutions. The evolution of digital products reflects the ever-growing capabilities of technology and the relentless pursuit of enhancing user experiences.</span></p><p class="MsoListParagraphCxSpFirst" style="text-align: justify;"><span style="text-align: start; font-size: 1rem;"><br></span><span style="font-weight: bolder; font-size: 1rem; text-align: start;">Key Components of Successful Digital Products:&nbsp;</span><span style="font-size: 1rem; text-align: start;">User Experience (UX): The success of a digital product often hinges on its user interface and the overall experience it provides. Intuitive design, accessibility, and responsiveness are paramount in creating a positive user experience.</span></p><p class="MsoListParagraphCxSpFirst" style="text-align: justify;"><span style="font-size: 1rem; text-align: start;"><br></span><span style="text-align: start; font-size: 1rem;">Innovation: Stagnation is the enemy of progress in the digital realm. Successful products are those that push the boundaries of innovation, incorporating the latest technologies and adapting to emerging trends.&nbsp;</span><span style="text-align: start; font-size: 1rem;">Security and Privacy: As we increasingly rely on digital products, ensuring the security and privacy of user data has become a critical consideration. Trust is the foundation of successful digital products.</span></p><p class="MsoListParagraphCxSpFirst" style="text-align: justify;"><span style="text-align: start; font-size: 1rem;"><br></span><span style="font-weight: bolder; text-align: start; font-size: 1rem;">Categories of Digital Products:&nbsp;</span><span style="font-size: 1rem; text-align: start;">Productivity Tools: From project management software to collaboration platforms, digital tools have revolutionized the way we work, boosting efficiency and collaboration.&nbsp;</span></p><p class="MsoListParagraphCxSpFirst" style="text-align: justify;"><span style="text-align: start; font-size: 1rem;">Entertainment Platforms: Streaming services, video games, and digital media have transformed the entertainment industry, providing endless options for users to engage with content.</span></p><p class="MsoListParagraphCxSpFirst" style="text-align: justify;"><span style="font-weight: bolder; text-align: start; font-size: 1rem;">E-commerce Platforms:</span><span style="text-align: start; font-size: 1rem;">&nbsp;Online shopping has become a norm, and e-commerce platforms offer a diverse range of products accessible at the click of a button.</span></p><p class="MsoListParagraphCxSpFirst" style="text-align: justify;"><span style="font-weight: bolder; text-align: start; font-size: 1rem;">Challenges and Future Trends:&nbsp;</span><span style="font-size: 1rem; text-align: start;">Cybersecurity Concerns: With the increasing prevalence of digital products, the need for robust cybersecurity measures is more crucial than ever.&nbsp;</span></p><p class="MsoListParagraphCxSpFirst" style="text-align: justify;"><span style="text-align: start; font-size: 1rem;">Ethical Considerations: As technology advances, questions about the ethical use of data, AI, and automation in digital products are gaining prominence.</span></p><p class="MsoListParagraphCxSpFirst" style="text-align: justify;"><span style="text-align: start; font-size: 1rem;"><br></span><span style="font-weight: bolder; text-align: start; font-size: 1rem;">The Human Element in Digital Products:&nbsp;</span><span style="text-align: start; font-size: 1rem;">Despite the dominance of technology, the human touch remains essential. Digital products should enhance human connections rather than replace them. The intersection of technology and humanity is where the most impactful and meaningful digital products emerge.</span></p><p class="MsoListParagraphCxSpFirst" style="text-align: justify;"><span style="text-align: start; font-size: 1rem;"><br></span><span style="text-align: start; font-size: 1rem; font-weight: bolder;">Conclusion:&nbsp;</span><span style="text-align: start; font-size: 1rem;">The world of digital products is a dynamic and ever-expanding ecosystem that continues to shape the way we live, work, and play. As we navigate this digital landscape, understanding the key components of successful products, staying attuned to emerging trends, and maintaining a focus on user experience and ethical considerations will be crucial in creating products that stand the test of time. The journey into the digital realm is an exciting one, filled with opportunities for innovation, growth, and positive transformation.</span></p>', '10-1702362713.jpg', 'bootstrap,bootstrap 5,jquery,tags,example,tutorials', 1, NULL, '2024-01-22 01:05:00', '2024-01-22 01:05:00'),
	(2, 1, 2, 'E-Commerce Evolution: Navigating the Digital', NULL, NULL, NULL, 'e-commerce-evolution-navigating-the-digital-marketplace-landscape', '<p class="MsoListParagraphCxSpFirst" style="text-align: justify;"><span style="font-size: 1rem;">In our rapidly evolving world, the digital landscape has become an integral part of our daily lives. From the moment we wake up to the time we go to bed, we are surrounded by digital products that streamline our tasks, entertain us, and connect us with the world. In this blog post, we will embark on a journey to explore the fascinating realm of digital products and how they continue to shape our modern existence.</span><br></p><p class="MsoListParagraphCxSpFirst" style="text-align: justify;"><span style="font-size: 1rem; font-weight: bolder; text-align: start;">Defining Digital Products:&nbsp;</span><span style="text-align: start; font-size: 1rem;">Digital products encompass a wide array of offerings, ranging from software applications and online platforms to digital content and services. These products are intangible, yet they have a tangible impact on our lives, transforming the way we work, communicate, and engage with the world.</span></p><p class="MsoListParagraphCxSpFirst" style="text-align: justify;"><span style="text-align: start; font-size: 1rem;"><br></span><span style="font-weight: bolder; font-size: 1rem; text-align: start;">The Evolution of Digital Products:&nbsp;</span><span style="text-align: start; font-size: 1rem;">The history of digital products is a narrative of constant innovation. Weve witnessed the progression from basic software applications to sophisticated artificial intelligence-driven solutions. The evolution of digital products reflects the ever-growing capabilities of technology and the relentless pursuit of enhancing user experiences.</span></p><p class="MsoListParagraphCxSpFirst" style="text-align: justify;"><span style="text-align: start; font-size: 1rem;"><br></span><span style="font-weight: bolder; font-size: 1rem; text-align: start;">Key Components of Successful Digital Products:&nbsp;</span><span style="font-size: 1rem; text-align: start;">User Experience (UX): The success of a digital product often hinges on its user interface and the overall experience it provides. Intuitive design, accessibility, and responsiveness are paramount in creating a positive user experience.</span></p><p class="MsoListParagraphCxSpFirst" style="text-align: justify;"><span style="font-size: 1rem; text-align: start;"><br></span><span style="text-align: start; font-size: 1rem;">Innovation: Stagnation is the enemy of progress in the digital realm. Successful products are those that push the boundaries of innovation, incorporating the latest technologies and adapting to emerging trends.&nbsp;</span><span style="text-align: start; font-size: 1rem;">Security and Privacy: As we increasingly rely on digital products, ensuring the security and privacy of user data has become a critical consideration. Trust is the foundation of successful digital products.</span></p><p class="MsoListParagraphCxSpFirst" style="text-align: justify;"><span style="text-align: start; font-size: 1rem;"><br></span><span style="font-weight: bolder; text-align: start; font-size: 1rem;">Categories of Digital Products:&nbsp;</span><span style="font-size: 1rem; text-align: start;">Productivity Tools: From project management software to collaboration platforms, digital tools have revolutionized the way we work, boosting efficiency and collaboration.&nbsp;</span></p><p class="MsoListParagraphCxSpFirst" style="text-align: justify;"><span style="text-align: start; font-size: 1rem;">Entertainment Platforms: Streaming services, video games, and digital media have transformed the entertainment industry, providing endless options for users to engage with content.</span></p><p class="MsoListParagraphCxSpFirst" style="text-align: justify;"><span style="font-weight: bolder; text-align: start; font-size: 1rem;">E-commerce Platforms:</span><span style="text-align: start; font-size: 1rem;">&nbsp;Online shopping has become a norm, and e-commerce platforms offer a diverse range of products accessible at the click of a button.</span></p><p class="MsoListParagraphCxSpFirst" style="text-align: justify;"><span style="font-weight: bolder; text-align: start; font-size: 1rem;">Challenges and Future Trends:&nbsp;</span><span style="font-size: 1rem; text-align: start;">Cybersecurity Concerns: With the increasing prevalence of digital products, the need for robust cybersecurity measures is more crucial than ever.&nbsp;</span></p><p class="MsoListParagraphCxSpFirst" style="text-align: justify;"><span style="text-align: start; font-size: 1rem;">Ethical Considerations: As technology advances, questions about the ethical use of data, AI, and automation in digital products are gaining prominence.</span></p><p class="MsoListParagraphCxSpFirst" style="text-align: justify;"><span style="text-align: start; font-size: 1rem;"><br></span><span style="font-weight: bolder; text-align: start; font-size: 1rem;">The Human Element in Digital Products:&nbsp;</span><span style="text-align: start; font-size: 1rem;">Despite the dominance of technology, the human touch remains essential. Digital products should enhance human connections rather than replace them. The intersection of technology and humanity is where the most impactful and meaningful digital products emerge.</span></p><p class="MsoListParagraphCxSpFirst" style="text-align: justify;"><span style="text-align: start; font-size: 1rem;"><br></span><span style="text-align: start; font-size: 1rem; font-weight: bolder;">Conclusion:&nbsp;</span><span style="text-align: start; font-size: 1rem;">The world of digital products is a dynamic and ever-expanding ecosystem that continues to shape the way we live, work, and play. As we navigate this digital landscape, understanding the key components of successful products, staying attuned to emerging trends, and maintaining a focus on user experience and ethical considerations will be crucial in creating products that stand the test of time. The journey into the digital realm is an exciting one, filled with opportunities for innovation, growth, and positive transformation.</span></p>', '13-1702361670.jpg', 'products,blogs,tags,tutorials,standrad', 1, NULL, '2024-01-22 01:05:00', '2024-01-22 01:05:00'),
	(3, 1, 5, 'A Dive into the World of Digital Art', NULL, NULL, NULL, 'a-dive-into-the-world-of-digital-art', '<p class="MsoListParagraphCxSpFirst" style="text-align: justify;"><span style="font-size: 1rem;">In our rapidly evolving world, the digital landscape has become an integral part of our daily lives. From the moment we wake up to the time we go to bed, we are surrounded by digital products that streamline our tasks, entertain us, and connect us with the world. In this blog post, we will embark on a journey to explore the fascinating realm of digital products and how they continue to shape our modern existence.</span><br></p><p class="MsoListParagraphCxSpFirst" style="text-align: justify;"><span style="font-size: 1rem; font-weight: bolder; text-align: start;">Defining Digital Products:&nbsp;</span><span style="text-align: start; font-size: 1rem;">Digital products encompass a wide array of offerings, ranging from software applications and online platforms to digital content and services. These products are intangible, yet they have a tangible impact on our lives, transforming the way we work, communicate, and engage with the world.</span></p><p class="MsoListParagraphCxSpFirst" style="text-align: justify;"><span style="text-align: start; font-size: 1rem;"><br></span><span style="font-weight: bolder; font-size: 1rem; text-align: start;">The Evolution of Digital Products:&nbsp;</span><span style="text-align: start; font-size: 1rem;">The history of digital products is a narrative of constant innovation. Weve witnessed the progression from basic software applications to sophisticated artificial intelligence-driven solutions. The evolution of digital products reflects the ever-growing capabilities of technology and the relentless pursuit of enhancing user experiences.</span></p><p class="MsoListParagraphCxSpFirst" style="text-align: justify;"><span style="text-align: start; font-size: 1rem;"><br></span><span style="font-weight: bolder; font-size: 1rem; text-align: start;">Key Components of Successful Digital Products:&nbsp;</span><span style="font-size: 1rem; text-align: start;">User Experience (UX): The success of a digital product often hinges on its user interface and the overall experience it provides. Intuitive design, accessibility, and responsiveness are paramount in creating a positive user experience.</span></p><p class="MsoListParagraphCxSpFirst" style="text-align: justify;"><span style="font-size: 1rem; text-align: start;"><br></span><span style="text-align: start; font-size: 1rem;">Innovation: Stagnation is the enemy of progress in the digital realm. Successful products are those that push the boundaries of innovation, incorporating the latest technologies and adapting to emerging trends.&nbsp;</span><span style="text-align: start; font-size: 1rem;">Security and Privacy: As we increasingly rely on digital products, ensuring the security and privacy of user data has become a critical consideration. Trust is the foundation of successful digital products.</span></p><p class="MsoListParagraphCxSpFirst" style="text-align: justify;"><span style="text-align: start; font-size: 1rem;"><br></span><span style="font-weight: bolder; text-align: start; font-size: 1rem;">Categories of Digital Products:&nbsp;</span><span style="font-size: 1rem; text-align: start;">Productivity Tools: From project management software to collaboration platforms, digital tools have revolutionized the way we work, boosting efficiency and collaboration.&nbsp;</span></p><p class="MsoListParagraphCxSpFirst" style="text-align: justify;"><span style="text-align: start; font-size: 1rem;">Entertainment Platforms: Streaming services, video games, and digital media have transformed the entertainment industry, providing endless options for users to engage with content.</span></p><p class="MsoListParagraphCxSpFirst" style="text-align: justify;"><span style="font-weight: bolder; text-align: start; font-size: 1rem;">E-commerce Platforms:</span><span style="text-align: start; font-size: 1rem;">&nbsp;Online shopping has become a norm, and e-commerce platforms offer a diverse range of products accessible at the click of a button.</span></p><p class="MsoListParagraphCxSpFirst" style="text-align: justify;"><span style="font-weight: bolder; text-align: start; font-size: 1rem;">Challenges and Future Trends:&nbsp;</span><span style="font-size: 1rem; text-align: start;">Cybersecurity Concerns: With the increasing prevalence of digital products, the need for robust cybersecurity measures is more crucial than ever.&nbsp;</span></p><p class="MsoListParagraphCxSpFirst" style="text-align: justify;"><span style="text-align: start; font-size: 1rem;">Ethical Considerations: As technology advances, questions about the ethical use of data, AI, and automation in digital products are gaining prominence.</span></p><p class="MsoListParagraphCxSpFirst" style="text-align: justify;"><span style="text-align: start; font-size: 1rem;"><br></span><span style="font-weight: bolder; text-align: start; font-size: 1rem;">The Human Element in Digital Products:&nbsp;</span><span style="text-align: start; font-size: 1rem;">Despite the dominance of technology, the human touch remains essential. Digital products should enhance human connections rather than replace them. The intersection of technology and humanity is where the most impactful and meaningful digital products emerge.</span></p><p class="MsoListParagraphCxSpFirst" style="text-align: justify;"><span style="text-align: start; font-size: 1rem;"><br></span><span style="text-align: start; font-size: 1rem; font-weight: bolder;">Conclusion:&nbsp;</span><span style="text-align: start; font-size: 1rem;">The world of digital products is a dynamic and ever-expanding ecosystem that continues to shape the way we live, work, and play. As we navigate this digital landscape, understanding the key components of successful products, staying attuned to emerging trends, and maintaining a focus on user experience and ethical considerations will be crucial in creating products that stand the test of time. The journey into the digital realm is an exciting one, filled with opportunities for innovation, growth, and positive transformation.</span></p>', '11-1702362678.jpg', 'DigitalPainting ,DigitalArtist ,ArtTech', 1, NULL, '2024-01-22 01:05:00', '2024-01-22 01:05:00'),
	(4, 1, 1, 'Electronics Auction House', NULL, NULL, NULL, 'electronics-auction-house', '<p class="MsoListParagraphCxSpFirst" style="text-align: justify;"><span style="font-size: 1rem;">In our rapidly evolving world, the digital landscape has become an integral part of our daily lives. From the moment we wake up to the time we go to bed, we are surrounded by digital products that streamline our tasks, entertain us, and connect us with the world. In this blog post, we will embark on a journey to explore the fascinating realm of digital products and how they continue to shape our modern existence.</span><br></p><p class="MsoListParagraphCxSpFirst" style="text-align: justify;"><span style="font-size: 1rem; font-weight: bolder; text-align: start;">Defining Digital Products:&nbsp;</span><span style="text-align: start; font-size: 1rem;">Digital products encompass a wide array of offerings, ranging from software applications and online platforms to digital content and services. These products are intangible, yet they have a tangible impact on our lives, transforming the way we work, communicate, and engage with the world.</span></p><p class="MsoListParagraphCxSpFirst" style="text-align: justify;"><span style="text-align: start; font-size: 1rem;"><br></span><span style="font-weight: bolder; font-size: 1rem; text-align: start;">The Evolution of Digital Products:&nbsp;</span><span style="text-align: start; font-size: 1rem;">The history of digital products is a narrative of constant innovation. Weve witnessed the progression from basic software applications to sophisticated artificial intelligence-driven solutions. The evolution of digital products reflects the ever-growing capabilities of technology and the relentless pursuit of enhancing user experiences.</span></p><p class="MsoListParagraphCxSpFirst" style="text-align: justify;"><span style="text-align: start; font-size: 1rem;"><br></span><span style="font-weight: bolder; font-size: 1rem; text-align: start;">Key Components of Successful Digital Products:&nbsp;</span><span style="font-size: 1rem; text-align: start;">User Experience (UX): The success of a digital product often hinges on its user interface and the overall experience it provides. Intuitive design, accessibility, and responsiveness are paramount in creating a positive user experience.</span></p><p class="MsoListParagraphCxSpFirst" style="text-align: justify;"><span style="font-size: 1rem; text-align: start;"><br></span><span style="text-align: start; font-size: 1rem;">Innovation: Stagnation is the enemy of progress in the digital realm. Successful products are those that push the boundaries of innovation, incorporating the latest technologies and adapting to emerging trends.&nbsp;</span><span style="text-align: start; font-size: 1rem;">Security and Privacy: As we increasingly rely on digital products, ensuring the security and privacy of user data has become a critical consideration. Trust is the foundation of successful digital products.</span></p><p class="MsoListParagraphCxSpFirst" style="text-align: justify;"><span style="text-align: start; font-size: 1rem;"><br></span><span style="font-weight: bolder; text-align: start; font-size: 1rem;">Categories of Digital Products:&nbsp;</span><span style="font-size: 1rem; text-align: start;">Productivity Tools: From project management software to collaboration platforms, digital tools have revolutionized the way we work, boosting efficiency and collaboration.&nbsp;</span></p><p class="MsoListParagraphCxSpFirst" style="text-align: justify;"><span style="text-align: start; font-size: 1rem;">Entertainment Platforms: Streaming services, video games, and digital media have transformed the entertainment industry, providing endless options for users to engage with content.</span></p><p class="MsoListParagraphCxSpFirst" style="text-align: justify;"><span style="font-weight: bolder; text-align: start; font-size: 1rem;">E-commerce Platforms:</span><span style="text-align: start; font-size: 1rem;">&nbsp;Online shopping has become a norm, and e-commerce platforms offer a diverse range of products accessible at the click of a button.</span></p><p class="MsoListParagraphCxSpFirst" style="text-align: justify;"><span style="font-weight: bolder; text-align: start; font-size: 1rem;">Challenges and Future Trends:&nbsp;</span><span style="font-size: 1rem; text-align: start;">Cybersecurity Concerns: With the increasing prevalence of digital products, the need for robust cybersecurity measures is more crucial than ever.&nbsp;</span></p><p class="MsoListParagraphCxSpFirst" style="text-align: justify;"><span style="text-align: start; font-size: 1rem;">Ethical Considerations: As technology advances, questions about the ethical use of data, AI, and automation in digital products are gaining prominence.</span></p><p class="MsoListParagraphCxSpFirst" style="text-align: justify;"><span style="text-align: start; font-size: 1rem;"><br></span><span style="font-weight: bolder; text-align: start; font-size: 1rem;">The Human Element in Digital Products:&nbsp;</span><span style="text-align: start; font-size: 1rem;">Despite the dominance of technology, the human touch remains essential. Digital products should enhance human connections rather than replace them. The intersection of technology and humanity is where the most impactful and meaningful digital products emerge.</span></p><p class="MsoListParagraphCxSpFirst" style="text-align: justify;"><span style="text-align: start; font-size: 1rem;"><br></span><span style="text-align: start; font-size: 1rem; font-weight: bolder;">Conclusion:&nbsp;</span><span style="text-align: start; font-size: 1rem;">The world of digital products is a dynamic and ever-expanding ecosystem that continues to shape the way we live, work, and play. As we navigate this digital landscape, understanding the key components of successful products, staying attuned to emerging trends, and maintaining a focus on user experience and ethical considerations will be crucial in creating products that stand the test of time. The journey into the digital realm is an exciting one, filled with opportunities for innovation, growth, and positive transformation.</span></p>', '15-1702362643.jpg', 'electronics,auction house,curated,selection,spectrum,categories', 1, NULL, '2024-01-22 01:05:00', '2024-01-22 01:05:00'),
	(5, 1, 2, 'Evolution: Navigating the Digital', NULL, NULL, NULL, 'evolution-navigating-the-digital-marketplace-landscape', '<p class="MsoListParagraphCxSpFirst" style="text-align: justify;"><span style="font-size: 1rem;">In our rapidly evolving world, the digital landscape has become an integral part of our daily lives. From the moment we wake up to the time we go to bed, we are surrounded by digital products that streamline our tasks, entertain us, and connect us with the world. In this blog post, we will embark on a journey to explore the fascinating realm of digital products and how they continue to shape our modern existence.</span><br></p><p class="MsoListParagraphCxSpFirst" style="text-align: justify;"><span style="font-size: 1rem; font-weight: bolder; text-align: start;">Defining Digital Products:&nbsp;</span><span style="text-align: start; font-size: 1rem;">Digital products encompass a wide array of offerings, ranging from software applications and online platforms to digital content and services. These products are intangible, yet they have a tangible impact on our lives, transforming the way we work, communicate, and engage with the world.</span></p><p class="MsoListParagraphCxSpFirst" style="text-align: justify;"><span style="text-align: start; font-size: 1rem;"><br></span><span style="font-weight: bolder; font-size: 1rem; text-align: start;">The Evolution of Digital Products:&nbsp;</span><span style="text-align: start; font-size: 1rem;">The history of digital products is a narrative of constant innovation. Weve witnessed the progression from basic software applications to sophisticated artificial intelligence-driven solutions. The evolution of digital products reflects the ever-growing capabilities of technology and the relentless pursuit of enhancing user experiences.</span></p><p class="MsoListParagraphCxSpFirst" style="text-align: justify;"><span style="text-align: start; font-size: 1rem;"><br></span><span style="font-weight: bolder; font-size: 1rem; text-align: start;">Key Components of Successful Digital Products:&nbsp;</span><span style="font-size: 1rem; text-align: start;">User Experience (UX): The success of a digital product often hinges on its user interface and the overall experience it provides. Intuitive design, accessibility, and responsiveness are paramount in creating a positive user experience.</span></p><p class="MsoListParagraphCxSpFirst" style="text-align: justify;"><span style="font-size: 1rem; text-align: start;"><br></span><span style="text-align: start; font-size: 1rem;">Innovation: Stagnation is the enemy of progress in the digital realm. Successful products are those that push the boundaries of innovation, incorporating the latest technologies and adapting to emerging trends.&nbsp;</span><span style="text-align: start; font-size: 1rem;">Security and Privacy: As we increasingly rely on digital products, ensuring the security and privacy of user data has become a critical consideration. Trust is the foundation of successful digital products.</span></p><p class="MsoListParagraphCxSpFirst" style="text-align: justify;"><span style="text-align: start; font-size: 1rem;"><br></span><span style="font-weight: bolder; text-align: start; font-size: 1rem;">Categories of Digital Products:&nbsp;</span><span style="font-size: 1rem; text-align: start;">Productivity Tools: From project management software to collaboration platforms, digital tools have revolutionized the way we work, boosting efficiency and collaboration.&nbsp;</span></p><p class="MsoListParagraphCxSpFirst" style="text-align: justify;"><span style="text-align: start; font-size: 1rem;">Entertainment Platforms: Streaming services, video games, and digital media have transformed the entertainment industry, providing endless options for users to engage with content.</span></p><p class="MsoListParagraphCxSpFirst" style="text-align: justify;"><span style="font-weight: bolder; text-align: start; font-size: 1rem;">E-commerce Platforms:</span><span style="text-align: start; font-size: 1rem;">&nbsp;Online shopping has become a norm, and e-commerce platforms offer a diverse range of products accessible at the click of a button.</span></p><p class="MsoListParagraphCxSpFirst" style="text-align: justify;"><span style="font-weight: bolder; text-align: start; font-size: 1rem;">Challenges and Future Trends:&nbsp;</span><span style="font-size: 1rem; text-align: start;">Cybersecurity Concerns: With the increasing prevalence of digital products, the need for robust cybersecurity measures is more crucial than ever.&nbsp;</span></p><p class="MsoListParagraphCxSpFirst" style="text-align: justify;"><span style="text-align: start; font-size: 1rem;">Ethical Considerations: As technology advances, questions about the ethical use of data, AI, and automation in digital products are gaining prominence.</span></p><p class="MsoListParagraphCxSpFirst" style="text-align: justify;"><span style="text-align: start; font-size: 1rem;"><br></span><span style="font-weight: bolder; text-align: start; font-size: 1rem;">The Human Element in Digital Products:&nbsp;</span><span style="text-align: start; font-size: 1rem;">Despite the dominance of technology, the human touch remains essential. Digital products should enhance human connections rather than replace them. The intersection of technology and humanity is where the most impactful and meaningful digital products emerge.</span></p><p class="MsoListParagraphCxSpFirst" style="text-align: justify;"><span style="text-align: start; font-size: 1rem;"><br></span><span style="text-align: start; font-size: 1rem; font-weight: bolder;">Conclusion:&nbsp;</span><span style="text-align: start; font-size: 1rem;">The world of digital products is a dynamic and ever-expanding ecosystem that continues to shape the way we live, work, and play. As we navigate this digital landscape, understanding the key components of successful products, staying attuned to emerging trends, and maintaining a focus on user experience and ethical considerations will be crucial in creating products that stand the test of time. The journey into the digital realm is an exciting one, filled with opportunities for innovation, growth, and positive transformation.</span></p>', '15-1702362643.jpg', 'electronics,auction house,curated,selection,spectrum,categories', 1, NULL, '2024-01-22 01:05:00', '2024-01-22 01:05:00'),
	(6, 1, 1, 'TechSphere: Navigating the World of Electronics', NULL, NULL, NULL, 'techsphere-navigating-the-world-of-electronics', '<p class="MsoListParagraphCxSpFirst" style="text-align: justify;"><span style="font-size: 1rem;">In our rapidly evolving world, the digital landscape has become an integral part of our daily lives. From the moment we wake up to the time we go to bed, we are surrounded by digital products that streamline our tasks, entertain us, and connect us with the world. In this blog post, we will embark on a journey to explore the fascinating realm of digital products and how they continue to shape our modern existence.</span><br></p><p class="MsoListParagraphCxSpFirst" style="text-align: justify;"><span style="font-size: 1rem; font-weight: bolder; text-align: start;">Defining Digital Products:&nbsp;</span><span style="text-align: start; font-size: 1rem;">Digital products encompass a wide array of offerings, ranging from software applications and online platforms to digital content and services. These products are intangible, yet they have a tangible impact on our lives, transforming the way we work, communicate, and engage with the world.</span></p><p class="MsoListParagraphCxSpFirst" style="text-align: justify;"><span style="text-align: start; font-size: 1rem;"><br></span><span style="font-weight: bolder; font-size: 1rem; text-align: start;">The Evolution of Digital Products:&nbsp;</span><span style="text-align: start; font-size: 1rem;">The history of digital products is a narrative of constant innovation. Weve witnessed the progression from basic software applications to sophisticated artificial intelligence-driven solutions. The evolution of digital products reflects the ever-growing capabilities of technology and the relentless pursuit of enhancing user experiences.</span></p><p class="MsoListParagraphCxSpFirst" style="text-align: justify;"><span style="text-align: start; font-size: 1rem;"><br></span><span style="font-weight: bolder; font-size: 1rem; text-align: start;">Key Components of Successful Digital Products:&nbsp;</span><span style="font-size: 1rem; text-align: start;">User Experience (UX): The success of a digital product often hinges on its user interface and the overall experience it provides. Intuitive design, accessibility, and responsiveness are paramount in creating a positive user experience.</span></p><p class="MsoListParagraphCxSpFirst" style="text-align: justify;"><span style="font-size: 1rem; text-align: start;"><br></span><span style="text-align: start; font-size: 1rem;">Innovation: Stagnation is the enemy of progress in the digital realm. Successful products are those that push the boundaries of innovation, incorporating the latest technologies and adapting to emerging trends.&nbsp;</span><span style="text-align: start; font-size: 1rem;">Security and Privacy: As we increasingly rely on digital products, ensuring the security and privacy of user data has become a critical consideration. Trust is the foundation of successful digital products.</span></p><p class="MsoListParagraphCxSpFirst" style="text-align: justify;"><span style="text-align: start; font-size: 1rem;"><br></span><span style="font-weight: bolder; text-align: start; font-size: 1rem;">Categories of Digital Products:&nbsp;</span><span style="font-size: 1rem; text-align: start;">Productivity Tools: From project management software to collaboration platforms, digital tools have revolutionized the way we work, boosting efficiency and collaboration.&nbsp;</span></p><p class="MsoListParagraphCxSpFirst" style="text-align: justify;"><span style="text-align: start; font-size: 1rem;">Entertainment Platforms: Streaming services, video games, and digital media have transformed the entertainment industry, providing endless options for users to engage with content.</span></p><p class="MsoListParagraphCxSpFirst" style="text-align: justify;"><span style="font-weight: bolder; text-align: start; font-size: 1rem;">E-commerce Platforms:</span><span style="text-align: start; font-size: 1rem;">&nbsp;Online shopping has become a norm, and e-commerce platforms offer a diverse range of products accessible at the click of a button.</span></p><p class="MsoListParagraphCxSpFirst" style="text-align: justify;"><span style="font-weight: bolder; text-align: start; font-size: 1rem;">Challenges and Future Trends:&nbsp;</span><span style="font-size: 1rem; text-align: start;">Cybersecurity Concerns: With the increasing prevalence of digital products, the need for robust cybersecurity measures is more crucial than ever.&nbsp;</span></p><p class="MsoListParagraphCxSpFirst" style="text-align: justify;"><span style="text-align: start; font-size: 1rem;">Ethical Considerations: As technology advances, questions about the ethical use of data, AI, and automation in digital products are gaining prominence.</span></p><p class="MsoListParagraphCxSpFirst" style="text-align: justify;"><span style="text-align: start; font-size: 1rem;"><br></span><span style="font-weight: bolder; text-align: start; font-size: 1rem;">The Human Element in Digital Products:&nbsp;</span><span style="text-align: start; font-size: 1rem;">Despite the dominance of technology, the human touch remains essential. Digital products should enhance human connections rather than replace them. The intersection of technology and humanity is where the most impactful and meaningful digital products emerge.</span></p><p class="MsoListParagraphCxSpFirst" style="text-align: justify;"><span style="text-align: start; font-size: 1rem;"><br></span><span style="text-align: start; font-size: 1rem; font-weight: bolder;">Conclusion:&nbsp;</span><span style="text-align: start; font-size: 1rem;">The world of digital products is a dynamic and ever-expanding ecosystem that continues to shape the way we live, work, and play. As we navigate this digital landscape, understanding the key components of successful products, staying attuned to emerging trends, and maintaining a focus on user experience and ethical considerations will be crucial in creating products that stand the test of time. The journey into the digital realm is an exciting one, filled with opportunities for innovation, growth, and positive transformation.</span></p>', '8-1702297198.jpg', 'innovation,with ,electronic,electronics,ensures,seamless,enjoyable,exploration', 1, NULL, '2024-01-22 01:05:00', '2024-01-22 01:05:00'),
	(7, 1, 1, 'Navigating the Realm of Digital Artistry', NULL, NULL, NULL, 'navigating-the-realm-of-digital-artistry', '<p class="MsoListParagraphCxSpFirst" style="text-align: justify;"><span style="font-size: 1rem;">In our rapidly evolving world, the digital landscape has become an integral part of our daily lives. From the moment we wake up to the time we go to bed, we are surrounded by digital products that streamline our tasks, entertain us, and connect us with the world. In this blog post, we will embark on a journey to explore the fascinating realm of digital products and how they continue to shape our modern existence.</span><br></p><p class="MsoListParagraphCxSpFirst" style="text-align: justify;"><span style="font-size: 1rem; font-weight: bolder; text-align: start;">Defining Digital Products:&nbsp;</span><span style="text-align: start; font-size: 1rem;">Digital products encompass a wide array of offerings, ranging from software applications and online platforms to digital content and services. These products are intangible, yet they have a tangible impact on our lives, transforming the way we work, communicate, and engage with the world.</span></p><p class="MsoListParagraphCxSpFirst" style="text-align: justify;"><span style="text-align: start; font-size: 1rem;"><br></span><span style="font-weight: bolder; font-size: 1rem; text-align: start;">The Evolution of Digital Products:&nbsp;</span><span style="text-align: start; font-size: 1rem;">The history of digital products is a narrative of constant innovation. Weve witnessed the progression from basic software applications to sophisticated artificial intelligence-driven solutions. The evolution of digital products reflects the ever-growing capabilities of technology and the relentless pursuit of enhancing user experiences.</span></p><p class="MsoListParagraphCxSpFirst" style="text-align: justify;"><span style="text-align: start; font-size: 1rem;"><br></span><span style="font-weight: bolder; font-size: 1rem; text-align: start;">Key Components of Successful Digital Products:&nbsp;</span><span style="font-size: 1rem; text-align: start;">User Experience (UX): The success of a digital product often hinges on its user interface and the overall experience it provides. Intuitive design, accessibility, and responsiveness are paramount in creating a positive user experience.</span></p><p class="MsoListParagraphCxSpFirst" style="text-align: justify;"><span style="font-size: 1rem; text-align: start;"><br></span><span style="text-align: start; font-size: 1rem;">Innovation: Stagnation is the enemy of progress in the digital realm. Successful products are those that push the boundaries of innovation, incorporating the latest technologies and adapting to emerging trends.&nbsp;</span><span style="text-align: start; font-size: 1rem;">Security and Privacy: As we increasingly rely on digital products, ensuring the security and privacy of user data has become a critical consideration. Trust is the foundation of successful digital products.</span></p><p class="MsoListParagraphCxSpFirst" style="text-align: justify;"><span style="text-align: start; font-size: 1rem;"><br></span><span style="font-weight: bolder; text-align: start; font-size: 1rem;">Categories of Digital Products:&nbsp;</span><span style="font-size: 1rem; text-align: start;">Productivity Tools: From project management software to collaboration platforms, digital tools have revolutionized the way we work, boosting efficiency and collaboration.&nbsp;</span></p><p class="MsoListParagraphCxSpFirst" style="text-align: justify;"><span style="text-align: start; font-size: 1rem;">Entertainment Platforms: Streaming services, video games, and digital media have transformed the entertainment industry, providing endless options for users to engage with content.</span></p><p class="MsoListParagraphCxSpFirst" style="text-align: justify;"><span style="font-weight: bolder; text-align: start; font-size: 1rem;">E-commerce Platforms:</span><span style="text-align: start; font-size: 1rem;">&nbsp;Online shopping has become a norm, and e-commerce platforms offer a diverse range of products accessible at the click of a button.</span></p><p class="MsoListParagraphCxSpFirst" style="text-align: justify;"><span style="font-weight: bolder; text-align: start; font-size: 1rem;">Challenges and Future Trends:&nbsp;</span><span style="font-size: 1rem; text-align: start;">Cybersecurity Concerns: With the increasing prevalence of digital products, the need for robust cybersecurity measures is more crucial than ever.&nbsp;</span></p><p class="MsoListParagraphCxSpFirst" style="text-align: justify;"><span style="text-align: start; font-size: 1rem;">Ethical Considerations: As technology advances, questions about the ethical use of data, AI, and automation in digital products are gaining prominence.</span></p><p class="MsoListParagraphCxSpFirst" style="text-align: justify;"><span style="text-align: start; font-size: 1rem;"><br></span><span style="font-weight: bolder; text-align: start; font-size: 1rem;">The Human Element in Digital Products:&nbsp;</span><span style="text-align: start; font-size: 1rem;">Despite the dominance of technology, the human touch remains essential. Digital products should enhance human connections rather than replace them. The intersection of technology and humanity is where the most impactful and meaningful digital products emerge.</span></p><p class="MsoListParagraphCxSpFirst" style="text-align: justify;"><span style="text-align: start; font-size: 1rem;"><br></span><span style="text-align: start; font-size: 1rem; font-weight: bolder;">Conclusion:&nbsp;</span><span style="text-align: start; font-size: 1rem;">The world of digital products is a dynamic and ever-expanding ecosystem that continues to shape the way we live, work, and play. As we navigate this digital landscape, understanding the key components of successful products, staying attuned to emerging trends, and maintaining a focus on user experience and ethical considerations will be crucial in creating products that stand the test of time. The journey into the digital realm is an exciting one, filled with opportunities for innovation, growth, and positive transformation.</span></p>', '3-1702297280.jpg', 'DigitalMediaArt ,ArtificialIntelligenceArt  , ArtTech', 1, NULL, '2024-01-22 01:05:00', '2024-01-22 01:05:00'),
	(8, 1, 4, 'AutoVista: Navigating the World of Vehicles', NULL, NULL, NULL, 'autovista-navigating-the-world-of-vehicles', '<p class="MsoListParagraphCxSpFirst" style="text-align: justify;"><span style="font-size: 1rem;">In our rapidly evolving world, the digital landscape has become an integral part of our daily lives. From the moment we wake up to the time we go to bed, we are surrounded by digital products that streamline our tasks, entertain us, and connect us with the world. In this blog post, we will embark on a journey to explore the fascinating realm of digital products and how they continue to shape our modern existence.</span><br></p><p class="MsoListParagraphCxSpFirst" style="text-align: justify;"><span style="font-size: 1rem; font-weight: bolder; text-align: start;">Defining Digital Products:&nbsp;</span><span style="text-align: start; font-size: 1rem;">Digital products encompass a wide array of offerings, ranging from software applications and online platforms to digital content and services. These products are intangible, yet they have a tangible impact on our lives, transforming the way we work, communicate, and engage with the world.</span></p><p class="MsoListParagraphCxSpFirst" style="text-align: justify;"><span style="text-align: start; font-size: 1rem;"><br></span><span style="font-weight: bolder; font-size: 1rem; text-align: start;">The Evolution of Digital Products:&nbsp;</span><span style="text-align: start; font-size: 1rem;">The history of digital products is a narrative of constant innovation. Weve witnessed the progression from basic software applications to sophisticated artificial intelligence-driven solutions. The evolution of digital products reflects the ever-growing capabilities of technology and the relentless pursuit of enhancing user experiences.</span></p><p class="MsoListParagraphCxSpFirst" style="text-align: justify;"><span style="text-align: start; font-size: 1rem;"><br></span><span style="font-weight: bolder; font-size: 1rem; text-align: start;">Key Components of Successful Digital Products:&nbsp;</span><span style="font-size: 1rem; text-align: start;">User Experience (UX): The success of a digital product often hinges on its user interface and the overall experience it provides. Intuitive design, accessibility, and responsiveness are paramount in creating a positive user experience.</span></p><p class="MsoListParagraphCxSpFirst" style="text-align: justify;"><span style="font-size: 1rem; text-align: start;"><br></span><span style="text-align: start; font-size: 1rem;">Innovation: Stagnation is the enemy of progress in the digital realm. Successful products are those that push the boundaries of innovation, incorporating the latest technologies and adapting to emerging trends.&nbsp;</span><span style="text-align: start; font-size: 1rem;">Security and Privacy: As we increasingly rely on digital products, ensuring the security and privacy of user data has become a critical consideration. Trust is the foundation of successful digital products.</span></p><p class="MsoListParagraphCxSpFirst" style="text-align: justify;"><span style="text-align: start; font-size: 1rem;"><br></span><span style="font-weight: bolder; text-align: start; font-size: 1rem;">Categories of Digital Products:&nbsp;</span><span style="font-size: 1rem; text-align: start;">Productivity Tools: From project management software to collaboration platforms, digital tools have revolutionized the way we work, boosting efficiency and collaboration.&nbsp;</span></p><p class="MsoListParagraphCxSpFirst" style="text-align: justify;"><span style="text-align: start; font-size: 1rem;">Entertainment Platforms: Streaming services, video games, and digital media have transformed the entertainment industry, providing endless options for users to engage with content.</span></p><p class="MsoListParagraphCxSpFirst" style="text-align: justify;"><span style="font-weight: bolder; text-align: start; font-size: 1rem;">E-commerce Platforms:</span><span style="text-align: start; font-size: 1rem;">&nbsp;Online shopping has become a norm, and e-commerce platforms offer a diverse range of products accessible at the click of a button.</span></p><p class="MsoListParagraphCxSpFirst" style="text-align: justify;"><span style="font-weight: bolder; text-align: start; font-size: 1rem;">Challenges and Future Trends:&nbsp;</span><span style="font-size: 1rem; text-align: start;">Cybersecurity Concerns: With the increasing prevalence of digital products, the need for robust cybersecurity measures is more crucial than ever.&nbsp;</span></p><p class="MsoListParagraphCxSpFirst" style="text-align: justify;"><span style="text-align: start; font-size: 1rem;">Ethical Considerations: As technology advances, questions about the ethical use of data, AI, and automation in digital products are gaining prominence.</span></p><p class="MsoListParagraphCxSpFirst" style="text-align: justify;"><span style="text-align: start; font-size: 1rem;"><br></span><span style="font-weight: bolder; text-align: start; font-size: 1rem;">The Human Element in Digital Products:&nbsp;</span><span style="text-align: start; font-size: 1rem;">Despite the dominance of technology, the human touch remains essential. Digital products should enhance human connections rather than replace them. The intersection of technology and humanity is where the most impactful and meaningful digital products emerge.</span></p><p class="MsoListParagraphCxSpFirst" style="text-align: justify;"><span style="text-align: start; font-size: 1rem;"><br></span><span style="text-align: start; font-size: 1rem; font-weight: bolder;">Conclusion:&nbsp;</span><span style="text-align: start; font-size: 1rem;">The world of digital products is a dynamic and ever-expanding ecosystem that continues to shape the way we live, work, and play. As we navigate this digital landscape, understanding the key components of successful products, staying attuned to emerging trends, and maintaining a focus on user experience and ethical considerations will be crucial in creating products that stand the test of time. The journey into the digital realm is an exciting one, filled with opportunities for innovation, growth, and positive transformation.</span></p>', '9-1702297346.jpg', 'Electronics,Auction,Bidding,Business,Products', 1, NULL, '2024-01-22 01:05:00', '2024-01-22 01:05:00'),
	(9, 1, 1, 'Navigating the Wonders of Electronic Innovations', NULL, NULL, NULL, 'navigating-the-wonders-of-electronic-innovations', '<p class="MsoListParagraphCxSpFirst" style="text-align: justify;"><span style="font-size: 1rem;">In our rapidly evolving world, the digital landscape has become an integral part of our daily lives. From the moment we wake up to the time we go to bed, we are surrounded by digital products that streamline our tasks, entertain us, and connect us with the world. In this blog post, we will embark on a journey to explore the fascinating realm of digital products and how they continue to shape our modern existence.</span><br></p><p class="MsoListParagraphCxSpFirst" style="text-align: justify;"><span style="font-size: 1rem; font-weight: bolder; text-align: start;">Defining Digital Products:&nbsp;</span><span style="text-align: start; font-size: 1rem;">Digital products encompass a wide array of offerings, ranging from software applications and online platforms to digital content and services. These products are intangible, yet they have a tangible impact on our lives, transforming the way we work, communicate, and engage with the world.</span></p><p class="MsoListParagraphCxSpFirst" style="text-align: justify;"><span style="text-align: start; font-size: 1rem;"><br></span><span style="font-weight: bolder; font-size: 1rem; text-align: start;">The Evolution of Digital Products:&nbsp;</span><span style="text-align: start; font-size: 1rem;">The history of digital products is a narrative of constant innovation. Weve witnessed the progression from basic software applications to sophisticated artificial intelligence-driven solutions. The evolution of digital products reflects the ever-growing capabilities of technology and the relentless pursuit of enhancing user experiences.</span></p><p class="MsoListParagraphCxSpFirst" style="text-align: justify;"><span style="text-align: start; font-size: 1rem;"><br></span><span style="font-weight: bolder; font-size: 1rem; text-align: start;">Key Components of Successful Digital Products:&nbsp;</span><span style="font-size: 1rem; text-align: start;">User Experience (UX): The success of a digital product often hinges on its user interface and the overall experience it provides. Intuitive design, accessibility, and responsiveness are paramount in creating a positive user experience.</span></p><p class="MsoListParagraphCxSpFirst" style="text-align: justify;"><span style="font-size: 1rem; text-align: start;"><br></span><span style="text-align: start; font-size: 1rem;">Innovation: Stagnation is the enemy of progress in the digital realm. Successful products are those that push the boundaries of innovation, incorporating the latest technologies and adapting to emerging trends.&nbsp;</span><span style="text-align: start; font-size: 1rem;">Security and Privacy: As we increasingly rely on digital products, ensuring the security and privacy of user data has become a critical consideration. Trust is the foundation of successful digital products.</span></p><p class="MsoListParagraphCxSpFirst" style="text-align: justify;"><span style="text-align: start; font-size: 1rem;"><br></span><span style="font-weight: bolder; text-align: start; font-size: 1rem;">Categories of Digital Products:&nbsp;</span><span style="font-size: 1rem; text-align: start;">Productivity Tools: From project management software to collaboration platforms, digital tools have revolutionized the way we work, boosting efficiency and collaboration.&nbsp;</span></p><p class="MsoListParagraphCxSpFirst" style="text-align: justify;"><span style="text-align: start; font-size: 1rem;">Entertainment Platforms: Streaming services, video games, and digital media have transformed the entertainment industry, providing endless options for users to engage with content.</span></p><p class="MsoListParagraphCxSpFirst" style="text-align: justify;"><span style="font-weight: bolder; text-align: start; font-size: 1rem;">E-commerce Platforms:</span><span style="text-align: start; font-size: 1rem;">&nbsp;Online shopping has become a norm, and e-commerce platforms offer a diverse range of products accessible at the click of a button.</span></p><p class="MsoListParagraphCxSpFirst" style="text-align: justify;"><span style="font-weight: bolder; text-align: start; font-size: 1rem;">Challenges and Future Trends:&nbsp;</span><span style="font-size: 1rem; text-align: start;">Cybersecurity Concerns: With the increasing prevalence of digital products, the need for robust cybersecurity measures is more crucial than ever.&nbsp;</span></p><p class="MsoListParagraphCxSpFirst" style="text-align: justify;"><span style="text-align: start; font-size: 1rem;">Ethical Considerations: As technology advances, questions about the ethical use of data, AI, and automation in digital products are gaining prominence.</span></p><p class="MsoListParagraphCxSpFirst" style="text-align: justify;"><span style="text-align: start; font-size: 1rem;"><br></span><span style="font-weight: bolder; text-align: start; font-size: 1rem;">The Human Element in Digital Products:&nbsp;</span><span style="text-align: start; font-size: 1rem;">Despite the dominance of technology, the human touch remains essential. Digital products should enhance human connections rather than replace them. The intersection of technology and humanity is where the most impactful and meaningful digital products emerge.</span></p><p class="MsoListParagraphCxSpFirst" style="text-align: justify;"><span style="text-align: start; font-size: 1rem;"><br></span><span style="text-align: start; font-size: 1rem; font-weight: bolder;">Conclusion:&nbsp;</span><span style="text-align: start; font-size: 1rem;">The world of digital products is a dynamic and ever-expanding ecosystem that continues to shape the way we live, work, and play. As we navigate this digital landscape, understanding the key components of successful products, staying attuned to emerging trends, and maintaining a focus on user experience and ethical considerations will be crucial in creating products that stand the test of time. The journey into the digital realm is an exciting one, filled with opportunities for innovation, growth, and positive transformation.</span></p>', '2-1702362446.jpg', 'Electronics,Auction,Bidding,Business,Products', 1, NULL, '2024-01-22 01:05:00', '2024-01-22 01:05:00'),
	(10, 1, 4, 'DriveScape: Your Gateway to Automotive Excellence', NULL, NULL, NULL, 'drivescape-your-gateway-to-automotive-excellence', '<p class="MsoListParagraphCxSpFirst" style="text-align: justify;"><span style="font-size: 1rem;">In our rapidly evolving world, the digital landscape has become an integral part of our daily lives. From the moment we wake up to the time we go to bed, we are surrounded by digital products that streamline our tasks, entertain us, and connect us with the world. In this blog post, we will embark on a journey to explore the fascinating realm of digital products and how they continue to shape our modern existence.</span><br></p><p class="MsoListParagraphCxSpFirst" style="text-align: justify;"><span style="font-size: 1rem; font-weight: bolder; text-align: start;">Defining Digital Products:&nbsp;</span><span style="text-align: start; font-size: 1rem;">Digital products encompass a wide array of offerings, ranging from software applications and online platforms to digital content and services. These products are intangible, yet they have a tangible impact on our lives, transforming the way we work, communicate, and engage with the world.</span></p><p class="MsoListParagraphCxSpFirst" style="text-align: justify;"><span style="text-align: start; font-size: 1rem;"><br></span><span style="font-weight: bolder; font-size: 1rem; text-align: start;">The Evolution of Digital Products:&nbsp;</span><span style="text-align: start; font-size: 1rem;">The history of digital products is a narrative of constant innovation. Weve witnessed the progression from basic software applications to sophisticated artificial intelligence-driven solutions. The evolution of digital products reflects the ever-growing capabilities of technology and the relentless pursuit of enhancing user experiences.</span></p><p class="MsoListParagraphCxSpFirst" style="text-align: justify;"><span style="text-align: start; font-size: 1rem;"><br></span><span style="font-weight: bolder; font-size: 1rem; text-align: start;">Key Components of Successful Digital Products:&nbsp;</span><span style="font-size: 1rem; text-align: start;">User Experience (UX): The success of a digital product often hinges on its user interface and the overall experience it provides. Intuitive design, accessibility, and responsiveness are paramount in creating a positive user experience.</span></p><p class="MsoListParagraphCxSpFirst" style="text-align: justify;"><span style="font-size: 1rem; text-align: start;"><br></span><span style="text-align: start; font-size: 1rem;">Innovation: Stagnation is the enemy of progress in the digital realm. Successful products are those that push the boundaries of innovation, incorporating the latest technologies and adapting to emerging trends.&nbsp;</span><span style="text-align: start; font-size: 1rem;">Security and Privacy: As we increasingly rely on digital products, ensuring the security and privacy of user data has become a critical consideration. Trust is the foundation of successful digital products.</span></p><p class="MsoListParagraphCxSpFirst" style="text-align: justify;"><span style="text-align: start; font-size: 1rem;"><br></span><span style="font-weight: bolder; text-align: start; font-size: 1rem;">Categories of Digital Products:&nbsp;</span><span style="font-size: 1rem; text-align: start;">Productivity Tools: From project management software to collaboration platforms, digital tools have revolutionized the way we work, boosting efficiency and collaboration.&nbsp;</span></p><p class="MsoListParagraphCxSpFirst" style="text-align: justify;"><span style="text-align: start; font-size: 1rem;">Entertainment Platforms: Streaming services, video games, and digital media have transformed the entertainment industry, providing endless options for users to engage with content.</span></p><p class="MsoListParagraphCxSpFirst" style="text-align: justify;"><span style="font-weight: bolder; text-align: start; font-size: 1rem;">E-commerce Platforms:</span><span style="text-align: start; font-size: 1rem;">&nbsp;Online shopping has become a norm, and e-commerce platforms offer a diverse range of products accessible at the click of a button.</span></p><p class="MsoListParagraphCxSpFirst" style="text-align: justify;"><span style="font-weight: bolder; text-align: start; font-size: 1rem;">Challenges and Future Trends:&nbsp;</span><span style="font-size: 1rem; text-align: start;">Cybersecurity Concerns: With the increasing prevalence of digital products, the need for robust cybersecurity measures is more crucial than ever.&nbsp;</span></p><p class="MsoListParagraphCxSpFirst" style="text-align: justify;"><span style="text-align: start; font-size: 1rem;">Ethical Considerations: As technology advances, questions about the ethical use of data, AI, and automation in digital products are gaining prominence.</span></p><p class="MsoListParagraphCxSpFirst" style="text-align: justify;"><span style="text-align: start; font-size: 1rem;"><br></span><span style="font-weight: bolder; text-align: start; font-size: 1rem;">The Human Element in Digital Products:&nbsp;</span><span style="text-align: start; font-size: 1rem;">Despite the dominance of technology, the human touch remains essential. Digital products should enhance human connections rather than replace them. The intersection of technology and humanity is where the most impactful and meaningful digital products emerge.</span></p><p class="MsoListParagraphCxSpFirst" style="text-align: justify;"><span style="text-align: start; font-size: 1rem;"><br></span><span style="text-align: start; font-size: 1rem; font-weight: bolder;">Conclusion:&nbsp;</span><span style="text-align: start; font-size: 1rem;">The world of digital products is a dynamic and ever-expanding ecosystem that continues to shape the way we live, work, and play. As we navigate this digital landscape, understanding the key components of successful products, staying attuned to emerging trends, and maintaining a focus on user experience and ethical considerations will be crucial in creating products that stand the test of time. The journey into the digital realm is an exciting one, filled with opportunities for innovation, growth, and positive transformation.</span></p>', '5-1702362389.jpg', 'affordable,luxury,every,road,experience,perfect,quality,style', 1, NULL, '2024-01-22 01:05:00', '2024-01-22 01:05:00'),
	(11, 1, 3, 'Journey Through the Ages with Antique Treasures', NULL, NULL, NULL, 'journey-through-the-ages-with-antique-treasures', '<p class="MsoListParagraphCxSpFirst" style="text-align: justify;"><span style="font-size: 1rem;">In our rapidly evolving world, the digital landscape has become an integral part of our daily lives. From the moment we wake up to the time we go to bed, we are surrounded by digital products that streamline our tasks, entertain us, and connect us with the world. In this blog post, we will embark on a journey to explore the fascinating realm of digital products and how they continue to shape our modern existence.</span><br></p><p class="MsoListParagraphCxSpFirst" style="text-align: justify;"><span style="font-size: 1rem; font-weight: bolder; text-align: start;">Defining Digital Products:&nbsp;</span><span style="text-align: start; font-size: 1rem;">Digital products encompass a wide array of offerings, ranging from software applications and online platforms to digital content and services. These products are intangible, yet they have a tangible impact on our lives, transforming the way we work, communicate, and engage with the world.</span></p><p class="MsoListParagraphCxSpFirst" style="text-align: justify;"><span style="text-align: start; font-size: 1rem;"><br></span><span style="font-weight: bolder; font-size: 1rem; text-align: start;">The Evolution of Digital Products:&nbsp;</span><span style="text-align: start; font-size: 1rem;">The history of digital products is a narrative of constant innovation. Weve witnessed the progression from basic software applications to sophisticated artificial intelligence-driven solutions. The evolution of digital products reflects the ever-growing capabilities of technology and the relentless pursuit of enhancing user experiences.</span></p><p class="MsoListParagraphCxSpFirst" style="text-align: justify;"><span style="text-align: start; font-size: 1rem;"><br></span><span style="font-weight: bolder; font-size: 1rem; text-align: start;">Key Components of Successful Digital Products:&nbsp;</span><span style="font-size: 1rem; text-align: start;">User Experience (UX): The success of a digital product often hinges on its user interface and the overall experience it provides. Intuitive design, accessibility, and responsiveness are paramount in creating a positive user experience.</span></p><p class="MsoListParagraphCxSpFirst" style="text-align: justify;"><span style="font-size: 1rem; text-align: start;"><br></span><span style="text-align: start; font-size: 1rem;">Innovation: Stagnation is the enemy of progress in the digital realm. Successful products are those that push the boundaries of innovation, incorporating the latest technologies and adapting to emerging trends.&nbsp;</span><span style="text-align: start; font-size: 1rem;">Security and Privacy: As we increasingly rely on digital products, ensuring the security and privacy of user data has become a critical consideration. Trust is the foundation of successful digital products.</span></p><p class="MsoListParagraphCxSpFirst" style="text-align: justify;"><span style="text-align: start; font-size: 1rem;"><br></span><span style="font-weight: bolder; text-align: start; font-size: 1rem;">Categories of Digital Products:&nbsp;</span><span style="font-size: 1rem; text-align: start;">Productivity Tools: From project management software to collaboration platforms, digital tools have revolutionized the way we work, boosting efficiency and collaboration.&nbsp;</span></p><p class="MsoListParagraphCxSpFirst" style="text-align: justify;"><span style="text-align: start; font-size: 1rem;">Entertainment Platforms: Streaming services, video games, and digital media have transformed the entertainment industry, providing endless options for users to engage with content.</span></p><p class="MsoListParagraphCxSpFirst" style="text-align: justify;"><span style="font-weight: bolder; text-align: start; font-size: 1rem;">E-commerce Platforms:</span><span style="text-align: start; font-size: 1rem;">&nbsp;Online shopping has become a norm, and e-commerce platforms offer a diverse range of products accessible at the click of a button.</span></p><p class="MsoListParagraphCxSpFirst" style="text-align: justify;"><span style="font-weight: bolder; text-align: start; font-size: 1rem;">Challenges and Future Trends:&nbsp;</span><span style="font-size: 1rem; text-align: start;">Cybersecurity Concerns: With the increasing prevalence of digital products, the need for robust cybersecurity measures is more crucial than ever.&nbsp;</span></p><p class="MsoListParagraphCxSpFirst" style="text-align: justify;"><span style="text-align: start; font-size: 1rem;">Ethical Considerations: As technology advances, questions about the ethical use of data, AI, and automation in digital products are gaining prominence.</span></p><p class="MsoListParagraphCxSpFirst" style="text-align: justify;"><span style="text-align: start; font-size: 1rem;"><br></span><span style="font-weight: bolder; text-align: start; font-size: 1rem;">The Human Element in Digital Products:&nbsp;</span><span style="text-align: start; font-size: 1rem;">Despite the dominance of technology, the human touch remains essential. Digital products should enhance human connections rather than replace them. The intersection of technology and humanity is where the most impactful and meaningful digital products emerge.</span></p><p class="MsoListParagraphCxSpFirst" style="text-align: justify;"><span style="text-align: start; font-size: 1rem;"><br></span><span style="text-align: start; font-size: 1rem; font-weight: bolder;">Conclusion:&nbsp;</span><span style="text-align: start; font-size: 1rem;">The world of digital products is a dynamic and ever-expanding ecosystem that continues to shape the way we live, work, and play. As we navigate this digital landscape, understanding the key components of successful products, staying attuned to emerging trends, and maintaining a focus on user experience and ethical considerations will be crucial in creating products that stand the test of time. The journey into the digital realm is an exciting one, filled with opportunities for innovation, growth, and positive transformation.</span></p>', '7 (1)-1702297731.jpg', 'HistoricalTreasures ,Collectibles ,AntiqueMarket', 1, NULL, '2024-01-22 01:05:00', '2024-01-22 01:05:00'),
	(12, 1, 3, 'Unveiling the Charms of Antique Splendors', NULL, NULL, NULL, 'unveiling-the-charms-of-antique-splendors', '<p class="MsoListParagraphCxSpFirst" style="text-align: justify;"><span style="font-size: 1rem;">In our rapidly evolving world, the digital landscape has become an integral part of our daily lives. From the moment we wake up to the time we go to bed, we are surrounded by digital products that streamline our tasks, entertain us, and connect us with the world. In this blog post, we will embark on a journey to explore the fascinating realm of digital products and how they continue to shape our modern existence.</span><br></p><p class="MsoListParagraphCxSpFirst" style="text-align: justify;"><span style="font-size: 1rem; font-weight: bolder; text-align: start;">Defining Digital Products:&nbsp;</span><span style="text-align: start; font-size: 1rem;">Digital products encompass a wide array of offerings, ranging from software applications and online platforms to digital content and services. These products are intangible, yet they have a tangible impact on our lives, transforming the way we work, communicate, and engage with the world.</span></p><p class="MsoListParagraphCxSpFirst" style="text-align: justify;"><span style="text-align: start; font-size: 1rem;"><br></span><span style="font-weight: bolder; font-size: 1rem; text-align: start;">The Evolution of Digital Products:&nbsp;</span><span style="text-align: start; font-size: 1rem;">The history of digital products is a narrative of constant innovation. Weve witnessed the progression from basic software applications to sophisticated artificial intelligence-driven solutions. The evolution of digital products reflects the ever-growing capabilities of technology and the relentless pursuit of enhancing user experiences.</span></p><p class="MsoListParagraphCxSpFirst" style="text-align: justify;"><span style="text-align: start; font-size: 1rem;"><br></span><span style="font-weight: bolder; font-size: 1rem; text-align: start;">Key Components of Successful Digital Products:&nbsp;</span><span style="font-size: 1rem; text-align: start;">User Experience (UX): The success of a digital product often hinges on its user interface and the overall experience it provides. Intuitive design, accessibility, and responsiveness are paramount in creating a positive user experience.</span></p><p class="MsoListParagraphCxSpFirst" style="text-align: justify;"><span style="font-size: 1rem; text-align: start;"><br></span><span style="text-align: start; font-size: 1rem;">Innovation: Stagnation is the enemy of progress in the digital realm. Successful products are those that push the boundaries of innovation, incorporating the latest technologies and adapting to emerging trends.&nbsp;</span><span style="text-align: start; font-size: 1rem;">Security and Privacy: As we increasingly rely on digital products, ensuring the security and privacy of user data has become a critical consideration. Trust is the foundation of successful digital products.</span></p><p class="MsoListParagraphCxSpFirst" style="text-align: justify;"><span style="text-align: start; font-size: 1rem;"><br></span><span style="font-weight: bolder; text-align: start; font-size: 1rem;">Categories of Digital Products:&nbsp;</span><span style="font-size: 1rem; text-align: start;">Productivity Tools: From project management software to collaboration platforms, digital tools have revolutionized the way we work, boosting efficiency and collaboration.&nbsp;</span></p><p class="MsoListParagraphCxSpFirst" style="text-align: justify;"><span style="text-align: start; font-size: 1rem;">Entertainment Platforms: Streaming services, video games, and digital media have transformed the entertainment industry, providing endless options for users to engage with content.</span></p><p class="MsoListParagraphCxSpFirst" style="text-align: justify;"><span style="font-weight: bolder; text-align: start; font-size: 1rem;">E-commerce Platforms:</span><span style="text-align: start; font-size: 1rem;">&nbsp;Online shopping has become a norm, and e-commerce platforms offer a diverse range of products accessible at the click of a button.</span></p><p class="MsoListParagraphCxSpFirst" style="text-align: justify;"><span style="font-weight: bolder; text-align: start; font-size: 1rem;">Challenges and Future Trends:&nbsp;</span><span style="font-size: 1rem; text-align: start;">Cybersecurity Concerns: With the increasing prevalence of digital products, the need for robust cybersecurity measures is more crucial than ever.&nbsp;</span></p><p class="MsoListParagraphCxSpFirst" style="text-align: justify;"><span style="text-align: start; font-size: 1rem;">Ethical Considerations: As technology advances, questions about the ethical use of data, AI, and automation in digital products are gaining prominence.</span></p><p class="MsoListParagraphCxSpFirst" style="text-align: justify;"><span style="text-align: start; font-size: 1rem;"><br></span><span style="font-weight: bolder; text-align: start; font-size: 1rem;">The Human Element in Digital Products:&nbsp;</span><span style="text-align: start; font-size: 1rem;">Despite the dominance of technology, the human touch remains essential. Digital products should enhance human connections rather than replace them. The intersection of technology and humanity is where the most impactful and meaningful digital products emerge.</span></p><p class="MsoListParagraphCxSpFirst" style="text-align: justify;"><span style="text-align: start; font-size: 1rem;"><br></span><span style="text-align: start; font-size: 1rem; font-weight: bolder;">Conclusion:&nbsp;</span><span style="text-align: start; font-size: 1rem;">The world of digital products is a dynamic and ever-expanding ecosystem that continues to shape the way we live, work, and play. As we navigate this digital landscape, understanding the key components of successful products, staying attuned to emerging trends, and maintaining a focus on user experience and ethical considerations will be crucial in creating products that stand the test of time. The journey into the digital realm is an exciting one, filled with opportunities for innovation, growth, and positive transformation.</span></p>', '4-1702297849.jpg', 'AntiqueStyle ,VintageDecor ,AntiqueMarket', 1, NULL, '2024-01-22 01:05:00', '2024-01-22 01:05:00'),
	(13, 1, 1, 'Navigating the Currents of Electronic Ingenuity', NULL, NULL, NULL, 'navigating-the-currents-of-electronic-ingenuity', '<p class="MsoListParagraphCxSpFirst" style="text-align: justify;"><span style="font-size: 1rem;">In our rapidly evolving world, the digital landscape has become an integral part of our daily lives. From the moment we wake up to the time we go to bed, we are surrounded by digital products that streamline our tasks, entertain us, and connect us with the world. In this blog post, we will embark on a journey to explore the fascinating realm of digital products and how they continue to shape our modern existence.</span><br></p><p class="MsoListParagraphCxSpFirst" style="text-align: justify;"><span style="font-size: 1rem; font-weight: bolder; text-align: start;">Defining Digital Products:&nbsp;</span><span style="text-align: start; font-size: 1rem;">Digital products encompass a wide array of offerings, ranging from software applications and online platforms to digital content and services. These products are intangible, yet they have a tangible impact on our lives, transforming the way we work, communicate, and engage with the world.</span></p><p class="MsoListParagraphCxSpFirst" style="text-align: justify;"><span style="text-align: start; font-size: 1rem;"><br></span><span style="font-weight: bolder; font-size: 1rem; text-align: start;">The Evolution of Digital Products:&nbsp;</span><span style="text-align: start; font-size: 1rem;">The history of digital products is a narrative of constant innovation. Weve witnessed the progression from basic software applications to sophisticated artificial intelligence-driven solutions. The evolution of digital products reflects the ever-growing capabilities of technology and the relentless pursuit of enhancing user experiences.</span></p><p class="MsoListParagraphCxSpFirst" style="text-align: justify;"><span style="text-align: start; font-size: 1rem;"><br></span><span style="font-weight: bolder; font-size: 1rem; text-align: start;">Key Components of Successful Digital Products:&nbsp;</span><span style="font-size: 1rem; text-align: start;">User Experience (UX): The success of a digital product often hinges on its user interface and the overall experience it provides. Intuitive design, accessibility, and responsiveness are paramount in creating a positive user experience.</span></p><p class="MsoListParagraphCxSpFirst" style="text-align: justify;"><span style="font-size: 1rem; text-align: start;"><br></span><span style="text-align: start; font-size: 1rem;">Innovation: Stagnation is the enemy of progress in the digital realm. Successful products are those that push the boundaries of innovation, incorporating the latest technologies and adapting to emerging trends.&nbsp;</span><span style="text-align: start; font-size: 1rem;">Security and Privacy: As we increasingly rely on digital products, ensuring the security and privacy of user data has become a critical consideration. Trust is the foundation of successful digital products.</span></p><p class="MsoListParagraphCxSpFirst" style="text-align: justify;"><span style="text-align: start; font-size: 1rem;"><br></span><span style="font-weight: bolder; text-align: start; font-size: 1rem;">Categories of Digital Products:&nbsp;</span><span style="font-size: 1rem; text-align: start;">Productivity Tools: From project management software to collaboration platforms, digital tools have revolutionized the way we work, boosting efficiency and collaboration.&nbsp;</span></p><p class="MsoListParagraphCxSpFirst" style="text-align: justify;"><span style="text-align: start; font-size: 1rem;">Entertainment Platforms: Streaming services, video games, and digital media have transformed the entertainment industry, providing endless options for users to engage with content.</span></p><p class="MsoListParagraphCxSpFirst" style="text-align: justify;"><span style="font-weight: bolder; text-align: start; font-size: 1rem;">E-commerce Platforms:</span><span style="text-align: start; font-size: 1rem;">&nbsp;Online shopping has become a norm, and e-commerce platforms offer a diverse range of products accessible at the click of a button.</span></p><p class="MsoListParagraphCxSpFirst" style="text-align: justify;"><span style="font-weight: bolder; text-align: start; font-size: 1rem;">Challenges and Future Trends:&nbsp;</span><span style="font-size: 1rem; text-align: start;">Cybersecurity Concerns: With the increasing prevalence of digital products, the need for robust cybersecurity measures is more crucial than ever.&nbsp;</span></p><p class="MsoListParagraphCxSpFirst" style="text-align: justify;"><span style="text-align: start; font-size: 1rem;">Ethical Considerations: As technology advances, questions about the ethical use of data, AI, and automation in digital products are gaining prominence.</span></p><p class="MsoListParagraphCxSpFirst" style="text-align: justify;"><span style="text-align: start; font-size: 1rem;"><br></span><span style="font-weight: bolder; text-align: start; font-size: 1rem;">The Human Element in Digital Products:&nbsp;</span><span style="text-align: start; font-size: 1rem;">Despite the dominance of technology, the human touch remains essential. Digital products should enhance human connections rather than replace them. The intersection of technology and humanity is where the most impactful and meaningful digital products emerge.</span></p><p class="MsoListParagraphCxSpFirst" style="text-align: justify;"><span style="text-align: start; font-size: 1rem;"><br></span><span style="text-align: start; font-size: 1rem; font-weight: bolder;">Conclusion:&nbsp;</span><span style="text-align: start; font-size: 1rem;">The world of digital products is a dynamic and ever-expanding ecosystem that continues to shape the way we live, work, and play. As we navigate this digital landscape, understanding the key components of successful products, staying attuned to emerging trends, and maintaining a focus on user experience and ethical considerations will be crucial in creating products that stand the test of time. The journey into the digital realm is an exciting one, filled with opportunities for innovation, growth, and positive transformation.</span></p>', '1-1702826823.jpg', 'products,blogs,tags,tutorials,standrad', 1, NULL, '2024-01-22 01:05:00', '2024-01-22 01:05:00');

-- Dumping data for table test.blog_categories: ~5 rows (approximately)


-- Dumping data for table test.blog_category_translations: ~0 rows (approximately)

-- Dumping data for table test.blog_comments: ~0 rows (approximately)

-- Dumping data for table test.blog_translations: ~0 rows (approximately)

-- Dumping data for table test.categories: ~7 rows (approximately)
INSERT INTO `categories` (`id`, `name`, `slug`, `image`, `status`, `created_at`, `updated_at`) VALUES
	(1, 'Fashion', 'fashion', 'Fashion-1702293894.jpg', 1, '2024-01-22 01:05:00', '2024-01-22 01:05:00'),
	(2, 'Accessories', 'accessories', 'Accesories-1702293906.jpg', 1, '2024-01-22 01:05:00', '2024-01-22 01:05:00'),
	(3, 'Antiques', 'antiques', 'Music-1702293930.jpg', 1, '2024-01-22 01:05:00', '2024-01-22 01:05:00'),
	(4, 'Household Stuff', 'household-stuff', 'Household-Stuff-1700978451.png', 1, '2024-01-22 01:05:00', '2024-01-22 01:05:00'),
	(5, 'Vehicles', 'vehicles', 'Auto-Cars-1702293948.jpg', 1, '2024-01-22 01:05:00', '2024-01-22 01:05:00'),
	(6, 'Digital Art', 'digital-art', 'art-1702295664.jfif', 1, '2024-01-22 01:05:00', '2024-01-22 01:05:00'),
	(7, 'Electronics', 'electronics', 'Mask-groupfjh-1702293842.png', 1, '2024-01-22 01:05:00', '2024-01-22 01:05:00');

-- Dumping data for table test.category_translations: ~0 rows (approximately)

-- Dumping data for table test.contacts: ~0 rows (approximately)

-- Dumping data for table test.currencies: ~25 rows (approximately)
INSERT INTO `currencies` (`id`, `name`, `symbol`, `status`, `code`, `created_at`, `updated_at`) VALUES
	(1, 'U.S. Dollar', '$', 1, 'USD', '2024-01-22 01:05:00', '2024-01-22 01:05:00'),
	(2, 'Australian Dollar', '$', 1, 'AUD', '2024-01-22 01:05:00', '2024-01-22 01:05:00'),
	(3, 'Brazilian Real', 'R$', 1, 'BRL', '2024-01-22 01:05:00', '2024-01-22 01:05:00'),
	(4, 'Canadian Dollar', '$', 1, 'CAD', '2024-01-22 01:05:00', '2024-01-22 01:05:00'),
	(5, 'Czech Koruna', 'K', 1, 'CZK', '2024-01-22 01:05:00', '2024-01-22 01:05:00'),
	(6, 'Danish Krone', 'kr', 1, 'DKK', '2024-01-22 01:05:00', '2024-01-22 01:05:00'),
	(7, 'Euro', '', 1, 'EUR', '2024-01-22 01:05:00', '2024-01-22 01:05:00'),
	(8, 'Hong Kong Dollar', '$', 1, 'HKD', '2024-01-22 01:05:00', '2024-01-22 01:05:00'),
	(9, 'Hungarian Forint', 'Ft', 1, 'HUF', '2024-01-22 01:05:00', '2024-01-22 01:05:00'),
	(10, 'Israeli New Sheqel', '', 1, 'ILS', '2024-01-22 01:05:00', '2024-01-22 01:05:00'),
	(11, 'Japanese Yen', '', 1, 'JPY', '2024-01-22 01:05:00', '2024-01-22 01:05:00'),
	(12, 'Malaysian Ringgit', 'RM', 1, 'MYR', '2024-01-22 01:05:00', '2024-01-22 01:05:00'),
	(13, 'Mexican Peso', '$', 1, 'MXN', '2024-01-22 01:05:00', '2024-01-22 01:05:00'),
	(14, 'Norwegian Krone', 'kr', 1, 'NOK', '2024-01-22 01:05:00', '2024-01-22 01:05:00'),
	(15, 'New Zealand Dollar', '$', 1, 'NZD', '2024-01-22 01:05:00', '2024-01-22 01:05:00'),
	(16, 'Philippine Peso', '', 1, 'PHP', '2024-01-22 01:05:00', '2024-01-22 01:05:00'),
	(17, 'Polish Zloty', 'z', 1, 'PLN', '2024-01-22 01:05:00', '2024-01-22 01:05:00'),
	(18, 'Pound Sterling', '', 1, 'GBP', '2024-01-22 01:05:00', '2024-01-22 01:05:00'),
	(19, 'Russian Ruble', '', 1, 'RUB', '2024-01-22 01:05:00', '2024-01-22 01:05:00'),
	(20, 'Singapore Dollar', '$', 1, 'SGD', '2024-01-22 01:05:00', '2024-01-22 01:05:00'),
	(21, 'Swedish Krona', 'kr', 1, 'SEK', '2024-01-22 01:05:00', '2024-01-22 01:05:00'),
	(22, 'Swiss Franc', 'CHF', 1, 'CHF', '2024-01-22 01:05:00', '2024-01-22 01:05:00'),
	(23, 'Thai Baht', '', 1, 'THB', '2024-01-22 01:05:00', '2024-01-22 01:05:00'),
	(24, 'Bangladeshi Taka', '', 1, 'BDT', '2024-01-22 01:05:00', '2024-01-22 01:05:00'),
	(25, 'Indian Rupee', 'Rs', 1, 'Rupee', '2024-01-22 01:05:00', '2024-01-22 01:05:00');


INSERT INTO `email_templates` (`id`, `name`, `slug`, `subject`, `body`, `status`, `created_at`, `updated_at`) VALUES
	(1, 'Deposit - Customer', 'deposit', 'Deposit success', '<p style="text-align:center;"><img data-filename="favicon.ico" style="width: 22px;" src="/uploads/email/16871738470.png"><br><p>Dear [customer_full_name],</p><p>Congratulations, Your Deposit has been successfully!</p><p>Thank You</p><p>The [company_name] Team.</p><p><br></p><p></p><p></p><p></p><p></p><p></p></p>', 1, '2024-01-22 01:05:00', '2024-01-22 01:05:00'),
	(2, 'Direct Product Order - Customer', 'order_mail', 'Thank you for order', '<p style="text-align: center;"><img data-filename="favicon.ico" style="width: 22px;" src="/uploads/email/16871580300.png"><br><p>Dear [customer_full_name],</p><p>Congratulations, Your Order has been successfully send!</p><p>Thank You</p><p>The [company_name] Team.</p><p></p></p>', 1, '2024-01-22 01:05:00', '2024-01-22 01:05:00'),
	(3, 'Password Reset', 'forgot_password', 'Reset Your Account Password', '<p style="text-align: center;"><img data-filename="favicon.ico" style="width: 22px;" src="/uploads/email/16871581060.png"><br><p>Dear [customer_full_name],</p><p>To reset your password click here</p><p>Thank You</p><p>The [company_name] Team.</p><p></p><p></p></p>', 1, '2024-01-22 01:05:00', '2024-01-22 01:05:00'),
	(4, 'Email Verification', 'verification_email', 'Account Verification Email', '<p style="text-align: center;"><img data-filename="favicon.ico" style="width: 22px;" src="/uploads/email/16871581550.png"><br><p>Dear [customer_full_name],</p><p>To verify your email please click here.</p><p>[verify_btn]</p><p>Thank You</p><p>The [company_name] Team.</p><p></p><p></p><p></p></p>', 1, '2024-01-22 01:05:00', '2024-01-22 01:05:00'),
	(5, 'Customer Registration', 'registration', 'Thank you for registration', '<p style="text-align: center;"><img data-filename="favicon.ico" style="width: 22px;" src="/uploads/email/16871581870.png"><br><p>Dear [customer_full_name],</p><p>Congratulations, Your Account has been successfully created!</p><p>Thank You</p><p>The [company_name] Team.</p><p></p></p>', 1, '2024-01-22 01:05:00', '2024-01-22 01:05:00'),
	(6, 'Withdraw Approved - Merchant', 'withdraw', 'Withdraw success', '<p style="text-align:center;"><img data-filename="favicon.ico" style="width: 22px;" src="/uploads/email/16871757290.png"><br><p>Dear [customer_full_name],</p><p>Congratulations, Your Withdraw request has been successfully approved! Your payment will be sent to your payment account.&nbsp;</p><p>Please Check</p><p>Thank You</p><p>The [company_name] Team.</p><p><br></p><p></p><p></p><p></p><p></p><p></p><p></p><p></p><p></p></p>', 1, '2024-01-22 01:05:00', '2024-01-22 01:05:00'),
	(7, 'Bidding Winner - Customer', 'bid_winner', 'Thank you for Bid Winning', '<p style="text-align: center;"><img data-filename="favicon.ico" style="width: 22px;" src="/uploads/email/16871580300.png"><br><p>Dear [customer_full_name],</p><p>Congratulations!! You won the bid please confirm your final payment.</p><p>Thank You</p><p>The [company_name] Team.</p><p></p><p></p></p>', 1, '2024-01-22 01:05:00', '2024-01-22 01:05:00'),
	(8, 'Bidding Final Payment - Customer', 'final_payment', 'Thank you for final payment', '<p style="text-align: center;"><img data-filename="favicon.ico" style="width: 22px;" src="/uploads/email/16871580300.png"><br><p>Dear [customer_full_name],</p><p>Congratulations!! Your payment is successful we will shift your product and deliver as soon as possible.</p><p>Thank You</p><p>The [company_name] Team.</p><p></p><p></p></p>', 1, '2024-01-22 01:05:00', '2024-01-22 01:05:00'),
	(9, 'Password Reset Confirmation', 'password_reset_confirmation', 'Thank you for Password Reset', '<p style="text-align: center;"><img data-filename="favicon.ico" style="width: 22px;" src="/uploads/email/16871580300.png"><br><p>Dear [customer_full_name],</p><p>Your password has been successfully reset. Now you can login in your account.</p><p>Thank You</p><p>The [company_name] Team.</p><p></p><p></p></p>', 1, '2024-01-22 01:05:00', '2024-01-22 01:05:00'),
	(10, 'Merchant Registration', 'merchant_registration', 'Thank you for Registration', '<p style="text-align: center;"><img data-filename="favicon.ico" style="width: 22px;" src="/uploads/email/16871580300.png"><br><p>Dear [customer_full_name],</p><p>Congratulations!! Your merchant registration is successful now you can list your product and sell to the customer.</p><p>Thank You</p><p>The [company_name] Team.</p><p></p><p></p><p></p></p>', 1, '2024-01-22 01:05:00', '2024-01-22 01:05:00'),
	(11, 'Bidding - Customer', 'bidding_customer', 'Thank you for Bidding', '<p style="text-align: center;"><img data-filename="favicon.ico" style="width: 22px;" src="/uploads/email/16871580300.png"><br><p>Dear [customer_full_name],</p><p>Congratulations!! Your bidding is successfully placed. Stay connected for the updates.</p><p>Thank You</p><p>The [company_name] Team.</p><p></p><p></p></p>', 1, '2024-01-22 01:05:00', '2024-01-22 01:05:00'),
	(12, 'Bidding Payment Refund - Customer', 'bidding_payment_refund', 'Thank you for Bidding & Bidding Payment Refund', '<p style="text-align: center;"><img data-filename="favicon.ico" style="width: 22px;" src="/uploads/email/16871580300.png"><br><p>Dear [customer_full_name],</p><p>Your partial bidding amount has been successfully refunded to your account wallet.&nbsp;</p><p>Thank You</p><p>The [company_name] Team.</p><p></p><p></p></p>', 1, '2024-01-22 01:05:00', '2024-01-22 01:05:00'),
	(13, 'Withdraw Rejected - Merchant', 'Withdraw Rejected - Merchant', 'Your Withdraw Rejected', '<p style="text-align: center;"><img data-filename="favicon.ico" style="width: 22px;" src="/uploads/email/16871580300.png"><br><p>Dear [customer_full_name],</p><p>Your withdrawal request has been rejected. Please contact the admin for the update.</p><p>Thank You</p><p>The [company_name] Team.</p><p></p><p></p></p>', 1, '2024-01-22 01:05:00', '2024-01-22 01:05:00'),
	(14, 'Withdraw Requested - Admin', 'withdraw_requested', 'Thank you for Withdraw Requested', '<p style="text-align: center;"><img data-filename="favicon.ico" style="width: 22px;" src="/uploads/email/16871580300.png"><br><p>Dear [customer_full_name],</p><p>Your withdrawal request has been placed. Will update you regarding this soon. Stay connected&nbsp;</p><p>Thank You</p><p>The [company_name] Team.</p><p></p><p></p></p>', 1, '2024-01-22 01:05:00', '2024-01-22 01:05:00'),
	(15, 'Support Ticket Reply - Merchant', 'support_ticket_reply', 'Thank you for the Support Ticket Reply', '<p style="text-align: center;"><img data-filename="favicon.ico" style="width: 22px;" src="/uploads/email/16871580300.png"><br><p>Dear [customer_full_name],</p><p>Your support ticket has been successfully submitted. Soon support member will response to your support.&nbsp;</p><p>Thank You</p><p>The [company_name] Team.</p><p></p><p></p></p>', 1, '2024-01-22 01:05:00', '2024-01-22 01:05:00'),
	(16, 'Support Ticket - Admin', 'support_ticket', 'Thank you for the Support Ticket', '<p style="text-align: center;"><img data-filename="favicon.ico" style="width: 22px;" src="/uploads/email/16871580300.png"><br><p>Dear [customer_full_name],</p><p>Your support ticket has been successfully submitted. Soon support member will response to your support.&nbsp;<br></p><p>Thank You</p><p>The [company_name] Team.</p><p></p><p></p></p>', 1, '2024-01-22 01:05:00', '2024-01-22 01:05:00');



INSERT INTO `languages` (`id`, `name`, `code`, `rtl`, `created_at`, `updated_at`) VALUES
	(1, 'English', 'en', 0, '2024-01-22 01:05:00', '2024-01-22 01:05:00'),
	(2, 'Arabic', 'sa', 1, '2024-01-22 01:05:00', '2024-01-22 01:05:00'),
	(3, 'Bangla', 'bd', 0, '2024-01-22 01:05:00', '2024-01-22 01:05:00');


INSERT INTO `locations` (`id`, `name`, `state_id`, `country_id`, `country_code`, `created_at`, `updated_at`) VALUES
	(1, 'Bangladesh', NULL, NULL, 'bd', '2024-01-22 01:05:00', '2024-01-22 01:05:00'),
	(2, 'Dhaka', NULL, 1, NULL, '2024-01-22 01:05:00', '2024-01-22 01:05:00'),
	(3, 'Mohammadpur', 1, 1, NULL, '2024-01-22 01:05:00', '2024-01-22 01:05:00'),
	(4, 'Mirpur', 2, 1, NULL, '2024-01-22 01:05:00', '2024-01-22 01:05:00'),
	(5, 'Rangpur', NULL, 1, NULL, '2024-01-22 01:05:00', '2024-01-22 01:05:00'),
	(6, 'Rangpur City', 6, 1, NULL, '2024-01-22 01:05:00', '2024-01-22 01:05:00'),
	(7, 'Uttora', 6, 1, NULL, '2024-01-22 01:05:00', '2024-01-22 01:05:00'),
	(8, 'United States', NULL, NULL, 'en', '2024-01-22 01:05:00', '2024-01-22 01:05:00'),
	(9, 'Alabama', NULL, 9, NULL, '2024-01-22 01:05:00', '2024-01-22 01:05:00'),
	(10, 'Alaska', NULL, 9, NULL, '2024-01-22 01:05:00', '2024-01-22 01:05:00'),
	(11, 'California', NULL, 9, NULL, '2024-01-22 01:05:00', '2024-01-22 01:05:00'),
	(12, 'Colorado', NULL, 9, NULL, '2024-01-22 01:05:00', '2024-01-22 01:05:00'),
	(13, 'Florida', NULL, 9, NULL, '2024-01-22 01:05:00', '2024-01-22 01:05:00'),
	(14, 'Phenix City', 10, 9, NULL, '2024-01-22 01:05:00', '2024-01-22 01:05:00'),
	(15, 'Vestavia Hills', 10, 9, NULL, '2024-01-22 01:05:00', '2024-01-22 01:05:00'),
	(16, 'Anchorage', 11, 9, NULL, '2024-01-22 01:05:00', '2024-01-22 01:05:00'),
	(17, 'Fairbanks', 11, 9, NULL, '2024-01-22 01:05:00', '2024-01-22 01:05:00'),
	(18, 'Juneau', 11, 9, NULL, '2024-01-22 01:05:00', '2024-01-22 01:05:00'),
	(19, 'India', NULL, NULL, 'in', '2024-01-22 01:05:00', '2024-01-22 01:05:00'),
	(20, 'Mumbai', NULL, 20, NULL, '2024-01-22 01:05:00', '2024-01-22 01:05:00'),
	(21, 'Kolkata', NULL, 20, NULL, '2024-01-22 01:05:00', '2024-01-22 01:05:00'),
	(22, 'Delhi', NULL, 20, NULL, '2024-01-22 01:05:00', '2024-01-22 01:05:00'),
	(23, 'South Delhi', 23, 20, NULL, '2024-01-22 01:05:00', '2024-01-22 01:05:00'),
	(24, 'North Delhi', 23, 20, NULL, '2024-01-22 01:05:00', '2024-01-22 01:05:00'),
	(25, 'Hawra', 22, 20, NULL, '2024-01-22 01:05:00', '2024-01-22 01:05:00'),
	(26, 'Shiliguri', 22, 20, NULL, '2024-01-22 01:05:00', '2024-01-22 01:05:00'),
	(27, 'Mad Iland', 21, 20, NULL, '2024-01-22 01:05:00', '2024-01-22 01:05:00'),
	(28, 'Navi Mumbai', 21, 20, NULL, '2024-01-22 01:05:00', '2024-01-22 01:05:00');


INSERT INTO `menus` (`id`, `name`, `created_at`, `updated_at`) VALUES
	(1, 'Home', '2024-01-22 01:05:00', '2024-01-22 01:05:00'),
	(2, 'Footer Menu 1', '2024-01-22 01:05:00', '2024-01-22 01:05:00'),
	(3, 'Footer Menu 2', '2024-01-22 01:05:00', '2024-01-22 01:05:00');


INSERT INTO `menu_items` (`id`, `menu_id`, `title`, `slug`, `menu_type`, `target`, `parent_id`, `order`, `new_tap`, `created_at`, `updated_at`) VALUES
	(1, 1, 'Home', 'home', 'page', NULL, NULL, 1, 0, '2024-01-22 01:05:00', '2024-01-22 01:05:00'),
	(2, 1, 'About Us', 'about-us', 'page', NULL, NULL, 2, 0, '2024-01-22 01:05:00', '2024-01-22 01:05:00'),
	(3, 1, 'Blog', 'blog', 'custom', 'blogs', NULL, 6, 0, '2024-01-22 01:05:00', '2024-01-22 01:05:00'),
	(4, 2, 'All Product', 'all-product', 'custom', 'all-products', NULL, 1, 0, '2024-01-22 01:05:00', '2024-01-22 01:05:00'),
	(5, 2, 'My Account', 'my-account', 'custom', 'login', NULL, 4, 0, '2024-01-22 01:05:00', '2024-01-22 01:05:00'),
	(6, 2, 'About Company', 'about', 'page', '#', NULL, 5, 0, '2024-01-22 01:05:00', '2024-01-22 01:05:00'),
	(7, 2, 'Our News Feed', 'our-news-feed', 'custom', 'blogs', NULL, 6, 0, '2024-01-22 01:05:00', '2024-01-22 01:05:00'),
	(8, 3, 'Help Center', 'help-center', 'custom', 'help-center', NULL, 1, 1, '2024-01-22 01:05:00', '2024-01-22 01:05:00'),
	(9, 3, 'Customer FAQs', 'customer-faqs', 'custom', 'faqs', NULL, 2, 1, '2024-01-22 01:05:00', '2024-01-22 01:05:00'),
	(10, 3, 'Terms and Conditions', 'terms-and-conditions', 'custom', 'terms-and-conditions', NULL, 3, 1, '2024-01-22 01:05:00', '2024-01-22 01:05:00'),
	(11, 3, 'Customer FAQs', 'customer-faqs', 'custom', '#', NULL, 2, 1, '2024-01-22 01:05:00', '2024-01-22 01:05:00'),
	(12, 3, 'Security Information', 'security-information', 'custom', '#', NULL, 4, 1, '2024-01-22 01:05:00', '2024-01-22 01:05:00'),
	(13, 3, 'Merchant Add Policy', 'merchant-add-policy', 'custom', '#', NULL, 5, 1, '2024-01-22 01:05:00', '2024-01-22 01:05:00'),
	(14, 1, 'Contact', 'contact-us', 'page', '#', NULL, 7, 0, '2024-01-22 01:05:00', '2024-01-22 01:05:00'),
	(15, 1, 'How It Works', 'how-we-work', 'page', '#', 22, 1, 0, '2024-01-22 01:05:00', '2024-01-22 01:05:00'),
	(16, 2, 'How It Works', 'how-we-work', 'page', '#', NULL, 3, 0, '2024-01-22 01:05:00', '2024-01-22 01:05:00'),
	(17, 1, 'Store List', 'store-list', 'page', '#', NULL, 4, 0, '2024-01-22 01:05:00', '2024-01-22 01:05:00'),
	(18, 1, 'Auction Product', 'auction-product', 'page', '#', 21, 2, 0, '2024-01-22 01:05:00', '2024-01-22 01:05:00'),
	(19, 1, 'General Products', 'general-products', 'page', '#', 21, 3, 0, '2024-01-22 01:05:00', '2024-01-22 01:05:00'),
	(20, 1, 'All Products', 'all-products', 'page', '#', 21, 1, 0, '2024-01-22 01:05:00', '2024-01-22 01:05:00'),
	(21, 1, 'Browse Products', 'browse-products', 'page', '#', NULL, 3, 0, '2024-01-22 01:05:00', '2024-01-22 01:05:00'),
	(22, 1, 'Pages', 'pages', 'page', '#', NULL, 5, 0, '2024-01-22 01:05:00', '2024-01-22 01:05:00'),
	(23, 1, 'Terms and Conditions', 'terms-and-conditions', 'page', '#', 22, 3, 0, '2024-01-22 01:05:00', '2024-01-22 01:05:00'),
	(24, 1, 'Help Center', 'help-center', 'page', '#', 22, 4, 0, '2024-01-22 01:05:00', '2024-01-22 01:05:00'),
	(25, 1, 'FAQS', 'faqs', 'page', '#', 22, 2, 0, '2024-01-22 01:05:00', '2024-01-22 01:05:00');


INSERT INTO `pages` (`id`, `page_name`, `page_slug`, `meta_title`, `meta_keyward`, `meta_description`, `widget_name`, `widget_content_code`, `status`, `enable_seo`, `is_bread_crumb`, `created_at`, `updated_at`) VALUES
	(1, 'Home', 'home', NULL, NULL, NULL, NULL, NULL, 1, NULL, 1, '2024-01-22 01:05:00', '2024-01-22 01:05:00'),
	(2, 'About Us', 'about-us', NULL, NULL, NULL, NULL, NULL, 1, NULL, 1, '2024-01-22 01:05:00', '2024-01-22 01:05:00'),
	(3, 'How It Works', 'how-we-work', NULL, NULL, NULL, NULL, NULL, 1, NULL, 1, '2024-01-22 01:05:00', '2024-01-22 01:05:00'),
	(4, 'Contact Us', 'contact-us', NULL, NULL, NULL, NULL, NULL, 1, NULL, 1, '2024-01-22 01:05:00', '2024-01-22 01:05:00'),
	(5, 'Terms and Conditions', 'terms-and-conditions', NULL, NULL, NULL, NULL, NULL, 1, NULL, 1, '2024-01-22 01:05:00', '2024-01-22 01:05:00'),
	(6, 'Help Center', 'help-center', NULL, NULL, NULL, NULL, NULL, 1, NULL, 1, '2024-01-22 01:05:00', '2024-01-22 01:05:00'),
	(7, 'FAQS', 'faqs', NULL, NULL, NULL, NULL, NULL, 1, NULL, 1, '2024-01-22 01:05:00', '2024-01-22 01:05:00'),
	(8, 'Auction Product', 'auction-product', NULL, NULL, NULL, NULL, NULL, 1, NULL, 1, '2024-01-22 01:05:00', '2024-01-22 01:05:00'),
	(9, 'General Products', 'general-products', NULL, NULL, NULL, NULL, NULL, 1, NULL, 1, '2024-01-22 01:05:00', '2024-01-22 01:05:00'),
	(10, 'All Products', 'all-products', NULL, NULL, NULL, NULL, NULL, 1, NULL, 1, '2024-01-22 01:05:00', '2024-01-22 01:05:00'),
	(11, 'Store List', 'store-list', NULL, NULL, NULL, NULL, NULL, 1, NULL, 1, '2024-01-22 01:05:00', '2024-01-22 01:05:00'),
	(12, 'Pages', 'pages', NULL, NULL, NULL, NULL, NULL, 1, NULL, 1, '2024-01-22 01:05:00', '2024-01-22 01:05:00'),
	(13, 'Browse Products', 'browse-products', NULL, NULL, NULL, NULL, NULL, 1, NULL, 1, '2024-01-22 01:05:00', '2024-01-22 01:05:00');


INSERT INTO `payment_methods` (`id`, `method_name`, `key`, `secret`, `logo`, `default_logo`, `conversion_currency_id`, `conversion_currency_rate`, `mode`, `status`, `created_at`, `updated_at`) VALUES
	(1, 'wallet', NULL, NULL, NULL, 'wallet.png', NULL, NULL, 1, 1, '2024-01-22 01:05:00', '2024-01-22 01:05:00'),
	(2, 'paypal', NULL, NULL, NULL, 'paypal.png', NULL, NULL, 1, 2, '2024-01-22 01:05:00', '2024-01-22 01:05:00'),
	(3, 'stripe', NULL, NULL, NULL, 'stripe.png', NULL, NULL, 1, 2, '2024-01-22 01:05:00', '2024-01-22 01:05:00'),
	(4, 'razorpay', NULL, NULL, NULL, 'razorpay.png', NULL, NULL, 1, 2, '2024-01-22 01:05:00', '2024-01-22 01:05:00');


INSERT INTO `products` (`id`, `name`, `slug`, `sku`, `meta_title`, `meta_keyward`, `meta_description`, `author_id`, `short_desc`, `long_desc`, `category_id`, `features_image`, `sale_type`, `schedule_type`, `min_deposit`, `min_deposit_type`, `quantity`, `price`, `sale_price`, `min_bid_price`, `start_date`, `end_date`, `status`, `enable_seo`, `created_at`, `updated_at`) VALUES
	(1, 'TechSync ChronoPro X: Precision Digital Watch', 'techsync-chronopro-x-precision-digital-watch', 'DW2023M', NULL, NULL, NULL, 2, 'TechSync ChronoPro X, a cutting-edge digital watch designed for the contemporary adventurer. This high-performance timepiece seamlessly combines.', '<p>Key Features:</p><p><span style="font-size: 1rem;"><b>Precision Timekeeping:</b> The ChronoPro X is equipped with state-of-the-art quartz movement, ensuring unparalleled accuracy in timekeeping. Whether youre navigating the urban jungle or embarking on a wilderness expedition, trust the precision of TechSync.</span><br></p><p><span style="font-size: 1rem;"><b>Digital Display Excellence:</b> The vibrant LCD display offers crystal-clear visibility, presenting time, date, and additional features with sharp clarity. Effortlessly toggle between various functions using the intuitive interface.</span><br></p><p><span style="font-size: 1rem;"><b>Rugged Durability:</b> Engineered for durability, the ChronoPro X boasts a robust yet lightweight construction. The scratch-resistant mineral crystal and water-resistant design make it a reliable companion for any environment.</span><br></p><p><span style="font-size: 1rem;"><b>Smart Functionality:</b> Stay connected and organized with smart features such as alarms, stopwatch, and a backlight for low-light conditions. The watch also includes a calendar function, ensuring youre well-prepared for every occasion.</span><br></p><p><span style="font-size: 1rem;"><b>Sleek Design:</b> The modern design of the ChronoPro X combines form and function seamlessly. The sleek profile, complemented by a stainless steel case and comfortable silicone strap, makes it suitable for both formal and casual settings.</span><br></p><p><span style="font-size: 1rem;"><b>Long-lasting Battery Life:</b> Say goodbye to frequent charging. The ChronoPro X is engineered for efficiency, providing extended battery life to keep up with your dynamic lifestyle.</span><br></p>', 2, '1-1702299064.jpg', 2, 2, '50', 1, 40, 750.00, 450.00, NULL, NULL, NULL, 1, NULL, '2024-01-22 01:05:00', '2024-01-22 01:05:00'),
	(2, 'HyperGrip Pro Gaming Pad', 'hypergrip-pro-gaming-pad', 'GP2026A', NULL, NULL, NULL, 2, 'HyperGrip Pro, the ultimate game pad designed to elevate your gaming experience to new heights. Engineered for precision, comfort, and versatility.', '<p><b>Key Features:</b></p><p><span style="font-size: 1rem;"><b>Responsive Precision:</b></span><br></p><p><span style="font-size: 1rem;">The HyperGrip Pro boasts ultra-responsive buttons and analog sticks, providing gamers with unparalleled control and accuracy. Every press and movement translates seamlessly into the virtual world, giving you the edge in fast-paced action.</span><br></p><p><b>Ergonomic Design:</b></p><p><span style="font-size: 1rem;">Say goodbye to hand fatigue with the ergonomic design of the HyperGrip Pro. Comfort is king, and this game pad is sculpted to fit naturally in your hands, ensuring extended gaming sessions without discomfort.</span><br></p><p><b>Customizable Controls:</b></p><p><span style="font-size: 1rem;">Tailor the game pad to your playstyle with customizable controls. Easily remap buttons and adjust sensitivity to match the demands of different games, putting the power of customization at your fingertips.</span><br></p><p><b>Versatile Compatibility:</b></p><p><span style="font-size: 1rem;">The HyperGrip Pro is designed for universal compatibility, seamlessly connecting to a variety of gaming platforms, including PC, consoles, and mobile devices. Enjoy the same exceptional performance across all your gaming devices.</span><br></p><p><b>Wireless Freedom:</b></p><p><span style="font-size: 1rem;">Cut the cords and enjoy wireless freedom with the HyperGrip Pro. Whether youre lounging on the couch or engaging in an intense gaming session at your desk, the wireless connectivity ensures a hassle-free and immersive experience.</span><br></p><p><b>Immersive Feedback:</b></p><p><span style="font-size: 1rem;">Feel the action with immersive haptic feedback. The HyperGrip Pro provides tactile sensations that enhance your gaming experience, allowing you to feel every explosion, hit, or subtle nuance within the game.</span><br></p><p><b>Stylish Aesthetics:</b></p><p><span style="font-size: 1rem;">Elevate your gaming setup with the sleek and stylish design of the HyperGrip Pro. Backlit buttons add a futuristic touch, while the overall aesthetic reflects the cutting-edge technology packed into this high-performance game pad.</span><br></p>', 7, '7-1702302730.jpg', 2, 2, '0', 1, 40, 500.00, 600.00, NULL, NULL, NULL, 1, NULL, '2024-01-22 01:05:00', '2024-01-22 01:05:00'),
	(3, 'Essentials Harmony Elevate Your Home', 'essentials-harmony-elevate-your-home', 'HS2234G', NULL, NULL, NULL, 2, 'A suite of meticulously crafted household products designed to seamlessly integrate into your daily routine, bringing efficiency.', '<p><b>Effortless Cleaning with Radiance Broom:</b></p><p><span style="font-size: 1rem;">The Radiance Broom isnt just a cleaning tool; its a household hero. Crafted with precision bristles and an ergonomic handle, it effortlessly sweeps away dirt, leaving your floors gleaming. Embrace the joy of efficient cleaning with this essential household companion.</span><br></p><p><b>Culinary Mastery with CulinaChef Knife Set:</b></p><p><span style="font-size: 1rem;">Unleash your inner chef with the CulinaChef Knife Set. Precision-engineered blades meet ergonomic handles for a perfect balance of form and function. Elevate your culinary creations and make every meal preparation a work of art.</span><br></p><p><b>Laundry Bliss with FreshGlow Fabric Softener:</b></p><p><span style="font-size: 1rem;">Transform your laundry routine with FreshGlow Fabric Softener. Indulge in the luxurious softness it brings to your clothes while enjoying the invigorating fragrance that lingers. Rediscover the joy of wearing garments that feel as good as they look.</span><br></p><p><b>Smart Storage with SpaceSaver Organizers:</b></p><p><span style="font-size: 1rem;">Tame the clutter and reclaim your space with SpaceSaver Organizers. These sleek, stackable wonders maximize storage efficiency, turning chaotic spaces into organized sanctuaries. Experience the liberation of a tidy home without compromising on style.</span><br></p><p><b>Revolutionize Cleaning with PureMist Cleaning Spray:</b></p><p><span style="font-size: 1rem;">Introducing PureMist Cleaning Spray, a game-changer in household cleaning. This eco-friendly powerhouse effortlessly tackles grime and germs, leaving surfaces sparkling clean and your home smelling fresh. Embrace the future of clean with this essential addition to your cleaning arsenal.</span><br></p><p><b>Tranquil Ambiance with ZenAura Oil Diffuser:</b></p><p><span style="font-size: 1rem;">Transform your living space into a haven of tranquility with the ZenAura Oil Diffuser. Elegant design meets therapeutic functionality, providing a soothing ambiance with your favorite essential oils. Elevate your home environment with this serene addition.</span><br></p>', 4, '3-1702311850.jpg', 2, 2, '0', 1, 100, 750.00, 550.00, 0.00, NULL, NULL, 1, NULL, '2024-01-22 01:05:00', '2024-01-22 01:05:00'),
	(4, 'Creative Fashion Riboon Digital Watch Little Elegant.', 'creative-fashion-riboon-digital-watch-little-elegant', 'CF2024TA', NULL, NULL, NULL, 2, 'Transform your living space into a haven of comfort and style with our curated collection of household stuffs. From everyday essentials to innovative gadgets, we have everything you need to make your home a sanctuary of functionality and aesthetics.', '<h4 style=""><font color="#1f2230" face="Saira, sans-serif">Key Features:</font></h4><h4 style=""><font color="#1f2230" face="Saira, sans-serif"><br></font></h4><h4 style=""><font color="#1f2230" face="Saira, sans-serif">Quality and Durability: Our household stuffs are crafted with precision and durability in mind. Discover a range of products made from high-quality materials that stand the test of time, ensuring longevity in every item.</font></h4><h4 style=""><font color="#1f2230" face="Saira, sans-serif"><br></font></h4><h4 style=""><font color="#1f2230" face="Saira, sans-serif">Stylish and Trendy Designs: Elevate your home decor with our stylish and trendy designs. Whether yourelooking for modern minimalism, classic elegance, or eclectic charm, our collection has something to complement every taste and style.</font></h4><h4 style=""><font color="#1f2230" face="Saira, sans-serif"><br></font></h4><h4 style=""><font color="#1f2230" face="Saira, sans-serif">Smart Home Solutions: Embrace the future of living with our smart home solutions. From intelligent lighting and home automation to innovative kitchen gadgets, experience the convenience of technology seamlessly integrated into your daily life.</font></h4><h4 style=""><font color="#1f2230" face="Saira, sans-serif"><br></font></h4><h4 style=""><font color="#1f2230" face="Saira, sans-serif">Organization and Storage: Declutter and organize your living space with our smart storage solutions. Explore a variety of organizers, storage bins, and space-saving furniture designed to maximize efficiency without compromising on style.</font></h4><h4 style=""><font color="#1f2230" face="Saira, sans-serif"><br></font></h4><h4 style=""><font color="#1f2230" face="Saira, sans-serif">Comfortable Living: Create a cozy and inviting atmosphere with our range of comfort-focused household items. From plush cushions and throws to ergonomic furniture, prioritize comfort without sacrificing aesthetic appeal.</font></h4><h4 style=""><font color="#1f2230" face="Saira, sans-serif"><br></font></h4><h4 style=""><font color="#1f2230" face="Saira, sans-serif">Eco-Friendly Options: Join the movement towards sustainability with our eco-friendly household products. Choose from a selection of environmentally conscious items that contribute to a greener and healthier planet.</font></h4><h4 style=""><font color="#1f2230" face="Saira, sans-serif"><br></font></h4><h4 style=""><font color="#1f2230" face="Saira, sans-serif">Budget-Friendly Choices: Enjoy quality without breaking the bank. Our household collection offers budget-friendly options without compromising on functionality or&nbsp;</font></h4><ul class="describe-list" style="padding: 0px; margin-right: 0px; margin-bottom: 0px; margin-left: 0px; list-style: none; font-family: system-ui, -apple-system, &quot;Segoe UI&quot;, Roboto, &quot;Helvetica Neue&quot;, Arial, &quot;Noto Sans&quot;, &quot;Liberation Sans&quot;, sans-serif, &quot;Apple Color Emoji&quot;, &quot;Segoe UI Emoji&quot;, &quot;Segoe UI Symbol&quot;, &quot;Noto Color Emoji&quot;;"></ul>', 1, 'prod-gallery3-1683461599.png', 1, 1, '50', 1, 100, NULL, NULL, 30.00, '2024-09-06 18:00:00', '2030-12-08 17:00:00', 1, NULL, '2024-01-22 01:05:00', '2024-01-22 01:05:00'),
	(5, 'Digital Pen Watch Little Elegant.', 'digital-pen-watch-little-elegant', 'DP2024TR', NULL, NULL, NULL, 2, 'Transform your living space into a haven of comfort and style with our curated collection of household stuffs. From everyday essentials to innovative gadgets, we have everything you need to make your home a sanctuary of functionality and aesthetics.', '<h4 style=""><font color="#1f2230" face="Saira, sans-serif">Key Features:</font></h4><h4 style=""><font color="#1f2230" face="Saira, sans-serif"><br></font></h4><h4 style=""><font color="#1f2230" face="Saira, sans-serif">Quality and Durability: Our household stuffs are crafted with precision and durability in mind. Discover a range of products made from high-quality materials that stand the test of time, ensuring longevity in every item.</font></h4><h4 style=""><font color="#1f2230" face="Saira, sans-serif"><br></font></h4><h4 style=""><font color="#1f2230" face="Saira, sans-serif">Stylish and Trendy Designs: Elevate your home decor with our stylish and trendy designs. Whether yourelooking for modern minimalism, classic elegance, or eclectic charm, our collection has something to complement every taste and style.</font></h4><h4 style=""><font color="#1f2230" face="Saira, sans-serif"><br></font></h4><h4 style=""><font color="#1f2230" face="Saira, sans-serif">Smart Home Solutions: Embrace the future of living with our smart home solutions. From intelligent lighting and home automation to innovative kitchen gadgets, experience the convenience of technology seamlessly integrated into your daily life.</font></h4><h4 style=""><font color="#1f2230" face="Saira, sans-serif"><br></font></h4><h4 style=""><font color="#1f2230" face="Saira, sans-serif">Organization and Storage: Declutter and organize your living space with our smart storage solutions. Explore a variety of organizers, storage bins, and space-saving furniture designed to maximize efficiency without compromising on style.</font></h4><h4 style=""><font color="#1f2230" face="Saira, sans-serif"><br></font></h4><h4 style=""><font color="#1f2230" face="Saira, sans-serif">Comfortable Living: Create a cozy and inviting atmosphere with our range of comfort-focused household items. From plush cushions and throws to ergonomic furniture, prioritize comfort without sacrificing aesthetic appeal.</font></h4><h4 style=""><font color="#1f2230" face="Saira, sans-serif"><br></font></h4><h4 style=""><font color="#1f2230" face="Saira, sans-serif">Eco-Friendly Options: Join the movement towards sustainability with our eco-friendly household products. Choose from a selection of environmentally conscious items that contribute to a greener and healthier planet.</font></h4><h4 style=""><font color="#1f2230" face="Saira, sans-serif"><br></font></h4><h4 style=""><font color="#1f2230" face="Saira, sans-serif">Budget-Friendly Choices: Enjoy quality without breaking the bank. Our household collection offers budget-friendly options without compromising on functionality or&nbsp;</font></h4><ul class="describe-list" style="padding: 0px; margin-right: 0px; margin-bottom: 0px; margin-left: 0px; list-style: none; font-family: system-ui, -apple-system, &quot;Segoe UI&quot;, Roboto, &quot;Helvetica Neue&quot;, Arial, &quot;Noto Sans&quot;, &quot;Liberation Sans&quot;, sans-serif, &quot;Apple Color Emoji&quot;, &quot;Segoe UI Emoji&quot;, &quot;Segoe UI Symbol&quot;, &quot;Noto Color Emoji&quot;;"></ul>', 1, 'prod-gallery1-1683454861.png', 1, 1, '50', 1, 100, NULL, NULL, 250.00, '2024-09-19 18:00:00', '2023-12-31 17:59:00', 1, NULL, '2024-01-22 01:05:00', '2024-01-22 01:05:00'),
	(6, 'Antique Products To Explore History.', 'antique-products-to-explore-history', 'BP2023HK', NULL, NULL, NULL, 2, 'Indulge in the luxury of our Radiant Glow Skincare Set, a meticulously curated collection of beauty products designed to nourish, rejuvenate, and enhance your natural beauty. Crafted with precision and infused with the finest ingredients, this set is your ultimate companion for a radiant and flawless complexion.', '<p>Key Features:</p><p><br></p><p>Revitalizing Cleanser:</p><p>Begin your skincare ritual with our gentle yet effective revitalizing cleanser. Enriched with botanical extracts and antioxidants, it effortlessly removes impurities, leaving your skin refreshed and ready for the next steps.</p><p><br></p><p>Hydrating Facial Toner:</p><p>Our hydrating facial toner is a burst of hydration for your skin. Formulated with floral waters and essential nutrients, it restores the skinspH balance, prepping it for optimal absorption of subsequent skincare products.</p><p><br></p><p>Nourishing Day Cream:</p><p>Experience the embrace of our nourishing day cream, a lightweight and hydrating formula that provides all-day moisture. Packed with vitamins and SPF protection, it defends your skin against environmental stressors while leaving it silky smooth.</p><p><br></p><p>Rejuvenating Night Serum:</p><p>Unwind with our rejuvenating night serum, a potent elixir that works while you sleep. Infused with anti-aging ingredients, it helps reduce fine lines and promotes cell renewal, revealing a more youthful and radiant complexion by morning.</p><p><br></p><p>Eye Brightening Treatment:</p><p>Banish signs of fatigue with our eye brightening treatment. Specially formulated for the delicate eye area, it reduces puffiness, minimizes dark circles, and revitalizes tired eyes for a refreshed and awakened look.</p><p><br></p><p>Pampering Face Mask:</p><p>Treat yourself to a spa-like experience with our pampering face mask. Formulated with natural clays and botanical extracts, it detoxifies, hydrates, and leaves your skin feeling luxuriously soft and revitalized.</p>', 3, '6-1702365568.jpg', 1, 1, '50', 1, 100, NULL, NULL, 500.00, '2023-11-28 15:24:00', '2030-12-31 17:59:00', 1, NULL, '2024-01-22 01:05:00', '2024-01-22 01:05:00'),
	(7, 'Historical Elements of Stone Era.', 'historical-elements-of-stone-era', 'BP2023HK', NULL, NULL, NULL, 2, 'The Digital Arts Masterpieces Collection captivates with its intricate details. Zoom in, and youll discover a level of precision that brings every stroke and nuance to life.', '<p style="margin-bottom: 20px; color: rgb(33, 37, 41); font-family: system-ui, -apple-system, &quot;Segoe UI&quot;, Roboto, &quot;Helvetica Neue&quot;, Arial, &quot;Noto Sans&quot;, &quot;Liberation Sans&quot;, sans-serif, &quot;Apple Color Emoji&quot;, &quot;Segoe UI Emoji&quot;, &quot;Segoe UI Symbol&quot;, &quot;Noto Color Emoji&quot;;"><span style="font-weight: bolder;">Key Features</span></p><p style="margin-bottom: 20px; color: rgb(33, 37, 41); font-family: system-ui, -apple-system, &quot;Segoe UI&quot;, Roboto, &quot;Helvetica Neue&quot;, Arial, &quot;Noto Sans&quot;, &quot;Liberation Sans&quot;, sans-serif, &quot;Apple Color Emoji&quot;, &quot;Segoe UI Emoji&quot;, &quot;Segoe UI Symbol&quot;, &quot;Noto Color Emoji&quot;;"><span style="font-weight: bolder; font-size: 1rem;">Unparalleled Detail:</span><br></p><p style="margin-bottom: 20px; color: rgb(33, 37, 41); font-family: system-ui, -apple-system, &quot;Segoe UI&quot;, Roboto, &quot;Helvetica Neue&quot;, Arial, &quot;Noto Sans&quot;, &quot;Liberation Sans&quot;, sans-serif, &quot;Apple Color Emoji&quot;, &quot;Segoe UI Emoji&quot;, &quot;Segoe UI Symbol&quot;, &quot;Noto Color Emoji&quot;;"><span style="font-size: 1rem;">The Digital Arts Masterpieces Collection captivates with its intricate details. Zoom in, and youll discover a level of precision that brings every stroke and nuance to life, creating an immersive experience for art enthusiasts.</span><br></p><p style="margin-bottom: 20px; color: rgb(33, 37, 41); font-family: system-ui, -apple-system, &quot;Segoe UI&quot;, Roboto, &quot;Helvetica Neue&quot;, Arial, &quot;Noto Sans&quot;, &quot;Liberation Sans&quot;, sans-serif, &quot;Apple Color Emoji&quot;, &quot;Segoe UI Emoji&quot;, &quot;Segoe UI Symbol&quot;, &quot;Noto Color Emoji&quot;;"><span style="font-weight: bolder;">Technicolor Dreams:</span></p><p style="margin-bottom: 20px; color: rgb(33, 37, 41); font-family: system-ui, -apple-system, &quot;Segoe UI&quot;, Roboto, &quot;Helvetica Neue&quot;, Arial, &quot;Noto Sans&quot;, &quot;Liberation Sans&quot;, sans-serif, &quot;Apple Color Emoji&quot;, &quot;Segoe UI Emoji&quot;, &quot;Segoe UI Symbol&quot;, &quot;Noto Color Emoji&quot;;"><span style="font-size: 1rem;">Immerse yourself in a kaleidoscope of colors that span the spectrum of human emotion. From vibrant bursts of energy to subtle gradients that evoke tranquility, each digital painting is a testament to the artists mastery of the digital palette.</span><br></p><p style="margin-bottom: 20px; color: rgb(33, 37, 41); font-family: system-ui, -apple-system, &quot;Segoe UI&quot;, Roboto, &quot;Helvetica Neue&quot;, Arial, &quot;Noto Sans&quot;, &quot;Liberation Sans&quot;, sans-serif, &quot;Apple Color Emoji&quot;, &quot;Segoe UI Emoji&quot;, &quot;Segoe UI Symbol&quot;, &quot;Noto Color Emoji&quot;;"><span style="font-weight: bolder;">Diverse Styles:</span></p><p style="margin-bottom: 20px; color: rgb(33, 37, 41); font-family: system-ui, -apple-system, &quot;Segoe UI&quot;, Roboto, &quot;Helvetica Neue&quot;, Arial, &quot;Noto Sans&quot;, &quot;Liberation Sans&quot;, sans-serif, &quot;Apple Color Emoji&quot;, &quot;Segoe UI Emoji&quot;, &quot;Segoe UI Symbol&quot;, &quot;Noto Color Emoji&quot;;"><span style="font-size: 1rem;">Explore a diverse range of artistic styles, from hyper-realistic renderings to abstract expressions of emotion. The collection celebrates the versatility of digital art, showcasing the artists ability to transcend traditional boundaries.</span><br></p><p style="margin-bottom: 20px; color: rgb(33, 37, 41); font-family: system-ui, -apple-system, &quot;Segoe UI&quot;, Roboto, &quot;Helvetica Neue&quot;, Arial, &quot;Noto Sans&quot;, &quot;Liberation Sans&quot;, sans-serif, &quot;Apple Color Emoji&quot;, &quot;Segoe UI Emoji&quot;, &quot;Segoe UI Symbol&quot;, &quot;Noto Color Emoji&quot;;"><span style="font-weight: bolder;">Imaginative Themes:</span></p><p style="margin-bottom: 20px; color: rgb(33, 37, 41); font-family: system-ui, -apple-system, &quot;Segoe UI&quot;, Roboto, &quot;Helvetica Neue&quot;, Arial, &quot;Noto Sans&quot;, &quot;Liberation Sans&quot;, sans-serif, &quot;Apple Color Emoji&quot;, &quot;Segoe UI Emoji&quot;, &quot;Segoe UI Symbol&quot;, &quot;Noto Color Emoji&quot;;"><span style="font-size: 1rem;">Journey through a gallery of imaginative themes that transport you to different worlds. Whether its futuristic cityscapes, enchanting fantasy realms, or poignant portraits, each painting tells a unique story and invites viewers to interpret the narrative in their own way.</span><br></p><p style="margin-bottom: 20px; color: rgb(33, 37, 41); font-family: system-ui, -apple-system, &quot;Segoe UI&quot;, Roboto, &quot;Helvetica Neue&quot;, Arial, &quot;Noto Sans&quot;, &quot;Liberation Sans&quot;, sans-serif, &quot;Apple Color Emoji&quot;, &quot;Segoe UI Emoji&quot;, &quot;Segoe UI Symbol&quot;, &quot;Noto Color Emoji&quot;;"><span style="font-weight: bolder;">High-Resolution Quality:</span></p><p style="margin-bottom: 20px; color: rgb(33, 37, 41); font-family: system-ui, -apple-system, &quot;Segoe UI&quot;, Roboto, &quot;Helvetica Neue&quot;, Arial, &quot;Noto Sans&quot;, &quot;Liberation Sans&quot;, sans-serif, &quot;Apple Color Emoji&quot;, &quot;Segoe UI Emoji&quot;, &quot;Segoe UI Symbol&quot;, &quot;Noto Color Emoji&quot;;"><span style="font-size: 1rem;">Every digital painting in this collection is presented in stunning high resolution, ensuring that the depth and richness of the artwork are preserved. Witness the details come alive, making it an ideal choice for both digital displays and fine art prints.</span><br></p><p style="margin-bottom: 20px; color: rgb(33, 37, 41); font-family: system-ui, -apple-system, &quot;Segoe UI&quot;, Roboto, &quot;Helvetica Neue&quot;, Arial, &quot;Noto Sans&quot;, &quot;Liberation Sans&quot;, sans-serif, &quot;Apple Color Emoji&quot;, &quot;Segoe UI Emoji&quot;, &quot;Segoe UI Symbol&quot;, &quot;Noto Color Emoji&quot;;"><span style="font-weight: bolder;">Tech-Meets-Art:</span></p><p style="margin-bottom: 20px; color: rgb(33, 37, 41); font-family: system-ui, -apple-system, &quot;Segoe UI&quot;, Roboto, &quot;Helvetica Neue&quot;, Arial, &quot;Noto Sans&quot;, &quot;Liberation Sans&quot;, sans-serif, &quot;Apple Color Emoji&quot;, &quot;Segoe UI Emoji&quot;, &quot;Segoe UI Symbol&quot;, &quot;Noto Color Emoji&quot;;"><span style="font-size: 1rem;">The Digital Arts Masterpieces Collection celebrates the harmonious marriage of technology and artistry. Each piece is a testament to the limitless possibilities that digital tools bring to the creative process, pushing the boundaries of what is visually achievable.</span></p>', 3, '2-1702365648.jpg', 1, 1, '100', 2, 100, NULL, NULL, 500.00, '2023-11-28 15:24:00', '2030-12-31 17:59:00', 1, NULL, '2024-01-22 01:05:00', '2024-01-22 01:05:00'),
	(8, 'Elegance Defined: Serenity Chic Leather.', 'elegance-defined-serenity-chic-leather', 'LP2267W', NULL, NULL, NULL, 2, 'Serenity Chic Leather Tote, a sophisticated and versatile accessory designed to complement the lifestyle of the modern woman. Crafted with meticulous.', '<p><b>Material: Luxurious Leather</b></p><p><span style="font-size: 1rem;">The Serenity Chic Tote is meticulously crafted from high-quality, genuine leather, ensuring a soft, supple feel and a timeless aesthetic that only improves with age.</span><br></p><p><b>Design: Timeless Elegance</b></p><p><span style="font-size: 1rem;">The purse features a sleek and minimalist design, accented with subtle details that exude sophistication. Its classic silhouette makes it suitable for both casual outings and formal events, adding a touch of timeless elegance to any ensemble.</span><br></p><p><b>Spacious Interior:</b></p><p><span style="font-size: 1rem;">Stay organized with a spacious and well-organized interior. Multiple compartments, including zippered pockets and dedicated slots for essentials like keys and cards, ensure everything has its place.</span><br></p><p><b>Versatile Carry Options:</b></p><p><span style="font-size: 1rem;">The Serenity Chic Tote offers versatile carrying options. Choose between the sturdy top handles for a classic look or the detachable, adjustable shoulder strap for hands-free convenience.</span><br></p><p><b>Secure Closure:</b></p><p><span style="font-size: 1rem;">The purse is equipped with a secure and stylish closure mechanism, keeping your belongings safe while adding a touch of flair to the overall design.</span><br></p>', 2, '7-1702301597.jpg', 1, 2, '100', 2, 100, 350.00, 500.00, 500.00, '2024-06-26 15:24:00', '2030-12-31 17:59:00', 1, NULL, '2024-01-22 01:05:00', '2024-01-22 01:05:00'),
	(9, 'Luminance Dreams: Digital Art Canvas Collection.', 'luminance-dreams-digital-art-canvas-collection', 'LD2024CS', NULL, NULL, NULL, 2, 'Digital Arts Masterpieces Collection, a captivating series of digital paintings that redefine the boundaries of artistic expression.', '<p style="margin-bottom: 20px; color: rgb(33, 37, 41); font-family: system-ui, -apple-system, &quot;Segoe UI&quot;, Roboto, &quot;Helvetica Neue&quot;, Arial, &quot;Noto Sans&quot;, &quot;Liberation Sans&quot;, sans-serif, &quot;Apple Color Emoji&quot;, &quot;Segoe UI Emoji&quot;, &quot;Segoe UI Symbol&quot;, &quot;Noto Color Emoji&quot;;"><span style="font-weight: bolder;">Key Features:</span></p><p style="margin-bottom: 20px; color: rgb(33, 37, 41); font-family: system-ui, -apple-system, &quot;Segoe UI&quot;, Roboto, &quot;Helvetica Neue&quot;, Arial, &quot;Noto Sans&quot;, &quot;Liberation Sans&quot;, sans-serif, &quot;Apple Color Emoji&quot;, &quot;Segoe UI Emoji&quot;, &quot;Segoe UI Symbol&quot;, &quot;Noto Color Emoji&quot;;"><span style="font-weight: bolder; font-size: 1rem;">Unparalleled Detail:</span><br></p><p style="margin-bottom: 20px; color: rgb(33, 37, 41); font-family: system-ui, -apple-system, &quot;Segoe UI&quot;, Roboto, &quot;Helvetica Neue&quot;, Arial, &quot;Noto Sans&quot;, &quot;Liberation Sans&quot;, sans-serif, &quot;Apple Color Emoji&quot;, &quot;Segoe UI Emoji&quot;, &quot;Segoe UI Symbol&quot;, &quot;Noto Color Emoji&quot;;"><span style="font-size: 1rem;">The Digital Arts Masterpieces Collection captivates with its intricate details. Zoom in, and youll discover a level of precision that brings every stroke and nuance to life, creating an immersive experience for art enthusiasts.</span><br></p><p style="margin-bottom: 20px; color: rgb(33, 37, 41); font-family: system-ui, -apple-system, &quot;Segoe UI&quot;, Roboto, &quot;Helvetica Neue&quot;, Arial, &quot;Noto Sans&quot;, &quot;Liberation Sans&quot;, sans-serif, &quot;Apple Color Emoji&quot;, &quot;Segoe UI Emoji&quot;, &quot;Segoe UI Symbol&quot;, &quot;Noto Color Emoji&quot;;"><span style="font-weight: bolder;">Technicolor Dreams:</span></p><p style="margin-bottom: 20px; color: rgb(33, 37, 41); font-family: system-ui, -apple-system, &quot;Segoe UI&quot;, Roboto, &quot;Helvetica Neue&quot;, Arial, &quot;Noto Sans&quot;, &quot;Liberation Sans&quot;, sans-serif, &quot;Apple Color Emoji&quot;, &quot;Segoe UI Emoji&quot;, &quot;Segoe UI Symbol&quot;, &quot;Noto Color Emoji&quot;;"><span style="font-size: 1rem;">Immerse yourself in a kaleidoscope of colors that span the spectrum of human emotion. From vibrant bursts of energy to subtle gradients that evoke tranquility, each digital painting is a testament to the artists mastery of the digital palette.</span><br></p><p style="margin-bottom: 20px; color: rgb(33, 37, 41); font-family: system-ui, -apple-system, &quot;Segoe UI&quot;, Roboto, &quot;Helvetica Neue&quot;, Arial, &quot;Noto Sans&quot;, &quot;Liberation Sans&quot;, sans-serif, &quot;Apple Color Emoji&quot;, &quot;Segoe UI Emoji&quot;, &quot;Segoe UI Symbol&quot;, &quot;Noto Color Emoji&quot;;"><span style="font-weight: bolder;">Diverse Styles:</span></p><p style="margin-bottom: 20px; color: rgb(33, 37, 41); font-family: system-ui, -apple-system, &quot;Segoe UI&quot;, Roboto, &quot;Helvetica Neue&quot;, Arial, &quot;Noto Sans&quot;, &quot;Liberation Sans&quot;, sans-serif, &quot;Apple Color Emoji&quot;, &quot;Segoe UI Emoji&quot;, &quot;Segoe UI Symbol&quot;, &quot;Noto Color Emoji&quot;;"><span style="font-size: 1rem;">Explore a diverse range of artistic styles, from hyper-realistic renderings to abstract expressions of emotion. The collection celebrates the versatility of digital art, showcasing the artists ability to transcend traditional boundaries.</span><br></p><p style="margin-bottom: 20px; color: rgb(33, 37, 41); font-family: system-ui, -apple-system, &quot;Segoe UI&quot;, Roboto, &quot;Helvetica Neue&quot;, Arial, &quot;Noto Sans&quot;, &quot;Liberation Sans&quot;, sans-serif, &quot;Apple Color Emoji&quot;, &quot;Segoe UI Emoji&quot;, &quot;Segoe UI Symbol&quot;, &quot;Noto Color Emoji&quot;;"><span style="font-weight: bolder;">Imaginative Themes:</span></p><p style="margin-bottom: 20px; color: rgb(33, 37, 41); font-family: system-ui, -apple-system, &quot;Segoe UI&quot;, Roboto, &quot;Helvetica Neue&quot;, Arial, &quot;Noto Sans&quot;, &quot;Liberation Sans&quot;, sans-serif, &quot;Apple Color Emoji&quot;, &quot;Segoe UI Emoji&quot;, &quot;Segoe UI Symbol&quot;, &quot;Noto Color Emoji&quot;;"><span style="font-size: 1rem;">Journey through a gallery of imaginative themes that transport you to different worlds. Whether its futuristic cityscapes, enchanting fantasy realms, or poignant portraits, each painting tells a unique story and invites viewers to interpret the narrative in their own way.</span><br></p><p style="margin-bottom: 20px; color: rgb(33, 37, 41); font-family: system-ui, -apple-system, &quot;Segoe UI&quot;, Roboto, &quot;Helvetica Neue&quot;, Arial, &quot;Noto Sans&quot;, &quot;Liberation Sans&quot;, sans-serif, &quot;Apple Color Emoji&quot;, &quot;Segoe UI Emoji&quot;, &quot;Segoe UI Symbol&quot;, &quot;Noto Color Emoji&quot;;"><span style="font-weight: bolder;">High-Resolution Quality:</span></p><p style="margin-bottom: 20px; color: rgb(33, 37, 41); font-family: system-ui, -apple-system, &quot;Segoe UI&quot;, Roboto, &quot;Helvetica Neue&quot;, Arial, &quot;Noto Sans&quot;, &quot;Liberation Sans&quot;, sans-serif, &quot;Apple Color Emoji&quot;, &quot;Segoe UI Emoji&quot;, &quot;Segoe UI Symbol&quot;, &quot;Noto Color Emoji&quot;;"><span style="font-size: 1rem;">Every digital painting in this collection is presented in stunning high resolution, ensuring that the depth and richness of the artwork are preserved. Witness the details come alive, making it an ideal choice for both digital displays and fine art prints.</span><br></p><p style="margin-bottom: 20px; color: rgb(33, 37, 41); font-family: system-ui, -apple-system, &quot;Segoe UI&quot;, Roboto, &quot;Helvetica Neue&quot;, Arial, &quot;Noto Sans&quot;, &quot;Liberation Sans&quot;, sans-serif, &quot;Apple Color Emoji&quot;, &quot;Segoe UI Emoji&quot;, &quot;Segoe UI Symbol&quot;, &quot;Noto Color Emoji&quot;;"><span style="font-weight: bolder;">Tech-Meets-Art:</span></p><p style="margin-bottom: 20px; color: rgb(33, 37, 41); font-family: system-ui, -apple-system, &quot;Segoe UI&quot;, Roboto, &quot;Helvetica Neue&quot;, Arial, &quot;Noto Sans&quot;, &quot;Liberation Sans&quot;, sans-serif, &quot;Apple Color Emoji&quot;, &quot;Segoe UI Emoji&quot;, &quot;Segoe UI Symbol&quot;, &quot;Noto Color Emoji&quot;;"><span style="font-size: 1rem;">The Digital Arts Masterpieces Collection celebrates the harmonious marriage of technology and artistry. Each piece is a testament to the limitless possibilities that digital tools bring to the creative process, pushing the boundaries of what is visually achievable.</span></p>', 6, '7-1702302422.jpg', 1, 2, '200', 2, 100, 3000.00, 4500.00, 4500.00, '2024-03-26 13:47:02', '2026-12-31 17:59:00', 1, NULL, '2024-01-22 01:05:00', '2024-01-22 01:05:00'),
	(10, 'SwiftSync Precision Wireless Mouse.', 'swiftsync-precision-wireless-mouse', 'WM2303M', NULL, NULL, NULL, 2, 'SwiftSync Precision Wireless Mouse, a technological marvel that redefines the way you navigate your digital world. Seamlessly blending precision.', '<p><b>Wireless Freedom:</b></p><p><span style="font-size: 1rem;">Break free from the constraints of cables and enjoy the freedom to move with the SwiftSync Precision Wireless Mouse. Its advanced wireless technology ensures a stable and responsive connection, allowing you to work or game with ease from anywhere in the room.</span><br></p><p><b>Precision Tracking:</b></p><p><span style="font-size: 1rem;">Navigate with confidence using the SwiftSyncs precision tracking technology. Whether youre editing documents, designing graphics, or gaming, experience smooth and accurate cursor control for enhanced productivity and performance.</span><br></p><p><b>Ergonomic Comfort:</b></p><p><span style="font-size: 1rem;">Designed with your comfort in mind, the SwiftSync Precision Wireless Mouse features an ergonomic shape that fits naturally in your hand. Say goodbye to discomfort during long hours of use and hello to a mouse that supports your hands natural contours.</span><br></p><p><b>Effortless Scrolling:</b></p><p><span style="font-size: 1rem;">Effortlessly scroll through web pages, documents, and spreadsheets with the SwiftSyncs responsive scroll wheel. The tactile feedback ensures a satisfying and intuitive scrolling experience for efficient navigation.</span><br></p><p><b>Customizable Buttons:</b></p><p><span style="font-size: 1rem;">Tailor the mouse to your preferences with customizable buttons. Assign frequently used functions to the programmable buttons for quick access, streamlining your workflow and giving you</span><br></p>', 7, '8-1702303074.jpg', 1, 2, '20', 2, 100, 500.00, 550.00, 200.00, '2024-01-26 12:13:00', '2027-12-31 17:59:00', 1, NULL, '2024-01-22 01:05:00', '2024-01-22 01:05:00'),
	(11, 'Tyota Horizon X: Elevate.', 'tyota-horizon-x-elevate', 'Tyc2023A', NULL, NULL, NULL, 2, 'Tyota Horizon X -This exceptional car seamlessly blends cutting-edge technology, unparalleled performance, and sophisticated design, offering a driving experience like no other.', '<p><b>Key Features:</b></p><p><span style="font-size: 1rem;"><b>Dynamic Performance:</b> The Tyota Horizon X is engineered for exhilarating performance, powered by a state-of-the-art engine that delivers a perfect balance of power and fuel efficiency. Whether navigating city streets or cruising on the open highway, experience driving at its finest.</span><br></p><p><span style="font-size: 1rem;"><b>Smart Connectivity:</b> Stay seamlessly connected with the intuitive infotainment system. The Tyota Horizon X features advanced connectivity options, including Apple CarPlay and Android Auto, ensuring that you can access your favorite apps, music, and navigation with ease.</span><br></p><p><span style="font-size: 1rem;"><b>Safety Redefined:</b> Tyota prioritizes your safety with a comprehensive suite of advanced safety features. From adaptive cruise control to lane departure warning, the Horizon X is equipped to keep you and your passengers safe on every journey.</span><br></p><p><span style="font-size: 1rem;"><b>Luxurious Interior:</b> Step inside the cabin, where comfort meets elegance. The Tyota Horizon X boasts a meticulously designed interior with premium materials, ergonomic seating, and thoughtful details that elevate your driving experience.</span><br></p><p><span style="font-size: 1rem;"><b>Sleek Exterior Design</b>: Make a statement on the road with the Tyota Horizon Xs sleek and aerodynamic exterior. The modern design, stylish contours, and signature Tyota grille combine to create a car that turns heads wherever you go.</span><br></p><p><span style="font-size: 1rem;"><b>Efficiency at Its Core: </b>Embrace eco-friendly driving without compromising performance. The Tyota Horizon X incorporates advanced technologies to maximize fuel efficiency and minimize environmental impact, ensuring a responsible and sustainable driving experience.</span><br></p><p><span style="font-size: 1rem;"><b>Innovative Technology:</b> Tyota doesnt just keep up with the times; it sets the standard. The Horizon X features the latest in automotive technology, from a responsive touchscreen display to voice-activated controls, making every drive a seamless and enjoyable experience.</span><br></p>', 5, '3-1702300198.jpg', 1, 1, '1000', 2, 100, 25000.00, 30000.00, 30000.00, '2023-12-30 00:00:00', '2027-12-31 17:59:00', 1, NULL, '2024-01-22 01:05:00', '2024-01-22 01:05:00'),
	(12, 'BMW 2022 Unleash the Ultimate Driving.', 'bmw-2022-unleash-the-ultimate-driving', 'BM2026C', NULL, NULL, NULL, 2, 'This exceptional car seamlessly blends cutting-edge technology, unparalleled performance, and sophisticated design, offering a driving experience like no other.', '<p><span style="font-weight: bolder;">Key Features:</span></p><p><span style="font-size: 1rem;"><span style="font-weight: bolder;">Dynamic Performance:</span>&nbsp;The Tyota Horizon X is engineered for exhilarating performance, powered by a state-of-the-art engine that delivers a perfect balance of power and fuel efficiency. Whether navigating city streets or cruising on the open highway, experience driving at its finest.</span><br></p><p><span style="font-size: 1rem;"><span style="font-weight: bolder;">Smart Connectivity:</span>&nbsp;Stay seamlessly connected with the intuitive infotainment system. The Tyota Horizon X features advanced connectivity options, including Apple CarPlay and Android Auto, ensuring that you can access your favorite apps, music, and navigation with ease.</span><br></p><p><span style="font-size: 1rem;"><span style="font-weight: bolder;">Safety Redefined:</span>&nbsp;Tyota prioritizes your safety with a comprehensive suite of advanced safety features. From adaptive cruise control to lane departure warning, the Horizon X is equipped to keep you and your passengers safe on every journey.</span><br></p><p><span style="font-size: 1rem;"><span style="font-weight: bolder;">Luxurious Interior:</span>&nbsp;Step inside the cabin, where comfort meets elegance. The Tyota Horizon X boasts a meticulously designed interior with premium materials, ergonomic seating, and thoughtful details that elevate your driving experience.</span><br></p><p><span style="font-size: 1rem;"><span style="font-weight: bolder;">Sleek Exterior Design</span>: Make a statement on the road with the Tyota Horizon Xs sleek and aerodynamic exterior. The modern design, stylish contours, and signature Tyota grille combine to create a car that turns heads wherever you go.</span><br></p><p><span style="font-size: 1rem;"><span style="font-weight: bolder;">Efficiency at Its Core:&nbsp;</span>Embrace eco-friendly driving without compromising performance. The Tyota Horizon X incorporates advanced technologies to maximize fuel efficiency and minimize environmental impact, ensuring a responsible and sustainable driving experience.</span><br></p><p><span style="font-size: 1rem;"><span style="font-weight: bolder;">Innovative Technology:</span>&nbsp;Tyota doesnt just keep up with the times; it sets the standard. The Horizon X features the latest in automotive technology, from a responsive touchscreen display to voice-activated controls, making every drive a seamless and enjoyable experience.</span></p>', 5, '4-1702366330.jpg', 1, 1, '1000', 2, 100, 15000.00, 17000.00, 17000.00, '2023-12-30 00:00:00', '2027-12-31 17:59:00', 1, NULL, '2024-01-22 01:05:00', '2024-01-22 01:05:00'),
	(13, 'Vivid Canvas: Digital Arts Masterpieces Collection.', 'vivid-canvas-digital-arts-masterpieces-collection', 'DA2025TC', NULL, NULL, NULL, 2, 'This exceptional car seamlessly blends cutting-edge technology, unparalleled performance, and sophisticated design, offering a driving experience like no other.', '<p><span style="font-weight: bolder;">Key Features:</span></p><p><span style="font-size: 1rem;"><span style="font-weight: bolder;">Dynamic Performance:</span>&nbsp;The Tyota Horizon X is engineered for exhilarating performance, powered by a state-of-the-art engine that delivers a perfect balance of power and fuel efficiency. Whether navigating city streets or cruising on the open highway, experience driving at its finest.</span><br></p><p><span style="font-size: 1rem;"><span style="font-weight: bolder;">Smart Connectivity:</span>&nbsp;Stay seamlessly connected with the intuitive infotainment system. The Tyota Horizon X features advanced connectivity options, including Apple CarPlay and Android Auto, ensuring that you can access your favorite apps, music, and navigation with ease.</span><br></p><p><span style="font-size: 1rem;"><span style="font-weight: bolder;">Safety Redefined:</span>&nbsp;Tyota prioritizes your safety with a comprehensive suite of advanced safety features. From adaptive cruise control to lane departure warning, the Horizon X is equipped to keep you and your passengers safe on every journey.</span><br></p><p><span style="font-size: 1rem;"><span style="font-weight: bolder;">Luxurious Interior:</span>&nbsp;Step inside the cabin, where comfort meets elegance. The Tyota Horizon X boasts a meticulously designed interior with premium materials, ergonomic seating, and thoughtful details that elevate your driving experience.</span><br></p><p><span style="font-size: 1rem;"><span style="font-weight: bolder;">Sleek Exterior Design</span>: Make a statement on the road with the Tyota Horizon Xs sleek and aerodynamic exterior. The modern design, stylish contours, and signature Tyota grille combine to create a car that turns heads wherever you go.</span><br></p><p><span style="font-size: 1rem;"><span style="font-weight: bolder;">Efficiency at Its Core:&nbsp;</span>Embrace eco-friendly driving without compromising performance. The Tyota Horizon X incorporates advanced technologies to maximize fuel efficiency and minimize environmental impact, ensuring a responsible and sustainable driving experience.</span><br></p><p><span style="font-size: 1rem;"><span style="font-weight: bolder;">Innovative Technology:</span>&nbsp;Tyota doesnt just keep up with the times; it sets the standard. The Horizon X features the latest in automotive technology, from a responsive touchscreen display to voice-activated controls, making every drive a seamless and enjoyable experience.</span></p>', 4, '1-1702301913.jpg', 1, 1, '20', 1, 100, 5000.00, 5500.00, 5500.00, '2023-12-30 00:00:00', '2027-12-31 17:59:00', 1, NULL, '2024-01-22 01:05:00', '2024-01-22 01:05:00'),
	(14, 'Stand Table To Set Accesorries.', 'stand-table-to-set-accesorries', 'ST2033A', NULL, NULL, NULL, 2, 'The Radiance Broom isnt just a cleaning tool; its a household hero. Crafted with precision bristles and an ergonomic handle, it effortlessly sweeps away dirt, leaving your floors gleaming.', '<p><b>Effortless Cleaning with Radiance Broom:</b></p><p><span style="font-size: 1rem;">The Radiance Broom isnt just a cleaning tool; its a household hero. Crafted with precision bristles and an ergonomic handle, it effortlessly sweeps away dirt, leaving your floors gleaming. Embrace the joy of efficient cleaning with this essential household companion.</span><br></p><p><b>Culinary Mastery with CulinaChef Knife Set:</b></p><p><span style="font-size: 1rem;">Unleash your inner chef with the CulinaChef Knife Set. Precision-engineered blades meet ergonomic handles for a perfect balance of form and function. Elevate your culinary creations and make every meal preparation a work of art.</span><br></p><p><b>Laundry Bliss with FreshGlow Fabric Softener:</b></p><p><span style="font-size: 1rem;">Transform your laundry routine with FreshGlow Fabric Softener. Indulge in the luxurious softness it brings to your clothes while enjoying the invigorating fragrance that lingers. Rediscover the joy of wearing garments that feel as good as they look.</span><br></p><p><b>Smart Storage with SpaceSaver Organizers:</b></p><p><span style="font-size: 1rem;">Tame the clutter and reclaim your space with SpaceSaver Organizers. These sleek, stackable wonders maximize storage efficiency, turning chaotic spaces into organized sanctuaries. Experience the liberation of a tidy home without compromising on style.</span><br></p><p><b>Revolutionize Cleaning with PureMist Cleaning Spray:</b></p><p><span style="font-size: 1rem;">Introducing PureMist Cleaning Spray, a game-changer in household cleaning. This eco-friendly powerhouse effortlessly tackles grime and germs, leaving surfaces sparkling clean and your home smelling fresh. Embrace the future of clean with this essential addition to your cleaning arsenal.</span><br></p><p><b>Tranquil Ambiance with ZenAura Oil Diffuser:</b></p><p><span style="font-size: 1rem;">Transform your living space into a haven of tranquility with the ZenAura Oil Diffuser. Elegant design meets therapeutic functionality, providing a soothing ambiance with your favorite essential oils. Elevate your home environment with this serene addition.</span><br></p>', 4, '2-1702312154.jpg', 1, 1, '200', 2, 1, 1500.00, 2000.00, 700.00, '2025-12-30 00:00:00', '2027-12-31 17:59:00', 1, NULL, '2024-01-22 01:05:00', '2024-01-22 01:05:00');


INSERT INTO `product_galleries` (`id`, `image`, `product_id`, `created_at`, `updated_at`) VALUES
	(1, 'prod-gallery2-1683454862.png', 1, '2024-01-22 01:05:00', '2024-01-22 01:05:00'),
	(2, 'prod-gallery3-1683454862.png', 1, '2024-01-22 01:05:00', '2024-01-22 01:05:00'),
	(3, 'prod-gallery2-1683454862-1703665324-1703665539.png', 2, '2024-01-22 01:05:00', '2024-01-22 01:05:00'),
	(4, 'prod-gallery3-1683461599-1703665539.png', 2, '2024-01-22 01:05:00', '2024-01-22 01:05:00'),
	(5, '2-1702364321.jpg', 3, '2024-01-22 01:05:00', '2024-01-22 01:05:00'),
	(6, '3-1702364321.jpg', 3, '2024-01-22 01:05:00', '2024-01-22 01:05:00'),
	(7, '6-1702364321.jpg', 3, '2024-01-22 01:05:00', '2024-01-22 01:05:00'),
	(8, '2-1702365542.jpg', 4, '2024-01-22 01:05:00', '2024-01-22 01:05:00'),
	(9, '3-1702365542.jpg', 4, '2024-01-22 01:05:00', '2024-01-22 01:05:00'),
	(10, '4-1702365542.jpg', 4, '2024-01-22 01:05:00', '2024-01-22 01:05:00'),
	(11, '2-1702300232.jpg', 5, '2024-01-22 01:05:00', '2024-01-22 01:05:00'),
	(12, '4-1702300232.jpg', 5, '2024-01-22 01:05:00', '2024-01-22 01:05:00'),
	(13, '1-1702300342.jpg', 5, '2024-01-22 01:05:00', '2024-01-22 01:05:00'),
	(14, '2-1702300198.jpg', 6, '2024-01-22 01:05:00', '2024-01-22 01:05:00'),
	(15, '4-1702300198.jpg', 6, '2024-01-22 01:05:00', '2024-01-22 01:05:00'),
	(16, '7-1702300311.jpg', 6, '2024-01-22 01:05:00', '2024-01-22 01:05:00'),
	(17, '7-1702301597.jpg', 7, '2024-01-22 01:05:00', '2024-01-22 01:05:00'),
	(18, '7-1702301597.jpg', 7, '2024-01-22 01:05:00', '2024-01-22 01:05:00'),
	(19, '2-1702301913.jpg', 8, '2024-01-22 01:05:00', '2024-01-22 01:05:00'),
	(20, '3-1702301913.jpg', 8, '2024-01-22 01:05:00', '2024-01-22 01:05:00'),
	(21, '4-1702301913.jpg', 8, '2024-01-22 01:05:00', '2024-01-22 01:05:00'),
	(22, '3-1702302422.jpg', 9, '2024-01-22 01:05:00', '2024-01-22 01:05:00'),
	(23, '5-1702302422.jpg', 9, '2024-01-22 01:05:00', '2024-01-22 01:05:00'),
	(24, '6-1702302422.jpg', 9, '2024-01-22 01:05:00', '2024-01-22 01:05:00'),
	(25, '1-1702302730.jpg', 10, '2024-01-22 01:05:00', '2024-01-22 01:05:00'),
	(26, '2-1702302730.jpg', 10, '2024-01-22 01:05:00', '2024-01-22 01:05:00'),
	(27, '5-1702302730.jpg', 10, '2024-01-22 01:05:00', '2024-01-22 01:05:00'),
	(28, '1-1702303074.jpg', 11, '2024-01-22 01:05:00', '2024-01-22 01:05:00'),
	(29, '2-1702303074.jpg', 11, '2024-01-22 01:05:00', '2024-01-22 01:05:00'),
	(30, '5-1702303074.jpg', 11, '2024-01-22 01:05:00', '2024-01-22 01:05:00'),
	(31, '6-1702311850.jpg', 12, '2024-01-22 01:05:00', '2024-01-22 01:05:00'),
	(32, '8-1702311850.jpg', 12, '2024-01-22 01:05:00', '2024-01-22 01:05:00'),
	(33, '3-1702311850.jpg', 12, '2024-01-22 01:05:00', '2024-01-22 01:05:00'),
	(34, '4-1702312154.jpg', 13, '2024-01-22 01:05:00', '2024-01-22 01:05:00'),
	(35, '8-1702312154.jpg', 13, '2024-01-22 01:05:00', '2024-01-22 01:05:00'),
	(36, '1-1702366330.jpg', 14, '2024-01-22 01:05:00', '2024-01-22 01:05:00'),
	(37, '2-1702366330.jpg', 14, '2024-01-22 01:05:00', '2024-01-22 01:05:00'),
	(38, '3-1702366330.jpg', 14, '2024-01-22 01:05:00', '2024-01-22 01:05:00');


INSERT INTO `product_specifications` (`id`, `product_id`, `label`, `value`, `created_at`, `updated_at`) VALUES
	(1, 1, 'Color', 'Yellow, Blue, Purple', '2024-01-22 01:05:00', '2024-01-22 01:05:00'),
	(2, 1, 'Size', 'Medium', '2024-01-22 01:05:00', '2024-01-22 01:05:00'),
	(3, 1, 'Brand', 'Riboon', '2024-01-22 01:05:00', '2024-01-22 01:05:00'),
	(4, 2, 'Color', 'Blue', '2024-01-22 01:05:00', '2024-01-22 01:05:00'),
	(5, 2, 'Size', 'Medium', '2024-01-22 01:05:00', '2024-01-22 01:05:00'),
	(6, 2, 'Brand', 'Riboon', '2024-01-22 01:05:00', '2024-01-22 01:05:00'),
	(7, 3, 'Color', 'red', '2024-01-22 01:05:00', '2024-01-22 01:05:00'),
	(8, 3, 'Size', 'Medium', '2024-01-22 01:05:00', '2024-01-22 01:05:00'),
	(9, 3, 'Brand', 'Riboon', '2024-01-22 01:05:00', '2024-01-22 01:05:00'),
	(10, 5, 'Color', 'Black', '2024-01-22 01:05:00', '2024-01-22 01:05:00'),
	(11, 5, 'Waterproof', 'Yes', '2024-01-22 01:05:00', '2024-01-22 01:05:00'),
	(12, 5, 'Skin', 'Lather', '2024-01-22 01:05:00', '2024-01-22 01:05:00'),
	(13, 7, 'Design', 'Elegance', '2024-01-22 01:05:00', '2024-01-22 01:05:00'),
	(14, 7, 'Material', 'Luxurious Leather', '2024-01-22 01:05:00', '2024-01-22 01:05:00'),
	(15, 7, 'Color', 'White', '2024-01-22 01:05:00', '2024-01-22 01:05:00'),
	(16, 9, 'Paint', 'Canvas', '2024-01-22 01:05:00', '2024-01-22 01:05:00'),
	(17, 9, 'Color', 'Water Color', '2024-01-22 01:05:00', '2024-01-22 01:05:00'),
	(18, 10, 'Wire Model', 'Wireless', '2024-01-22 01:05:00', '2024-01-22 01:05:00'),
	(19, 11, 'Battery', 'Long Durability', '2024-01-22 01:05:00', '2024-01-22 01:05:00'),
	(20, 11, 'Function', 'Wireless', '2024-01-22 01:05:00', '2024-01-22 01:05:00'),
	(21, 12, 'Made With', 'Ceramic', '2024-01-22 01:05:00', '2024-01-22 01:05:00'),
	(22, 12, 'Design', 'Unique', '2024-01-22 01:05:00', '2024-01-22 01:05:00'),
	(23, 4, 'Age', '500Yrs', '2024-01-22 01:05:00', '2024-01-22 01:05:00'),
	(24, 6, 'Engine', 'Twin-turbocharged V6', '2024-01-22 01:05:00', '2024-01-22 01:05:00'),
	(25, 6, 'Suspension', 'Independent McPherson struts', '2024-01-22 01:05:00', '2024-01-22 01:05:00'),
	(26, 6, 'Wheels', '18 inches (alloy wheels)', '2024-01-22 01:05:00', '2024-01-22 01:05:00'),
	(27, 6, 'Color', 'Multicolor', '2024-01-22 01:05:00', '2024-01-22 01:05:00'),
	(28, 14, 'Engine:', 'Twin-turbocharged V6', '2024-01-22 01:05:00', '2024-01-22 01:05:00'),
	(29, 14, 'Suspension:', 'Independent McPherson struts', '2024-01-22 01:05:00', '2024-01-22 01:05:00'),
	(30, 14, 'Brake', 'Ventilated disc brakes', '2024-01-22 01:05:00', '2024-01-22 01:05:00');


INSERT INTO `settings` (`id`, `type`, `value`, `created_at`, `updated_at`) VALUES
	(1, 'email_address', 'info@auctionlab.com', NULL, NULL),
	(2, 'hotline_text', 'Click To Call', NULL, NULL),
	(3, 'hotline_phone', '+347-274-8816', NULL, NULL),
	(4, 'company_address', '168/170, Ave 01,Old York Drive Rich Mirpur, Dhaka', NULL, NULL),
	(5, 'company_phone1', '+0213549826649', NULL, NULL),
	(6, 'company_phone2', '+8801761111456', NULL, NULL),
	(7, 'company_email1', '+support@example.com', NULL, NULL),
	(8, 'company_email2', '+info@example.com', NULL, NULL),
	(9, 'company_location_map', '<iframe src="https://www.google.com/maps/embed?pb=!1m14!1m8!1m3!1d6473915.87138904!2d-95.665!3d37.6!3m2!1i1024!2i768!4f13.1!3m3!1m2!1s0x54eab584e432360b%3A0x1c3bb99243deb742!2sUnited%20States!5e0!3m2!1sen!2sbd!4v1694071086254!5m2!1sen!2sbd"  style="border:0;" allowfullscreen="" loading="lazy" referrerpolicy="no-referrer-when-downgrade"></iframe>', NULL, NULL),
	(10, 'default_currency', '1', NULL, NULL),
	(11, 'facebook_link', 'https://www.facebook.com', NULL, NULL),
	(12, 'twitter_link', 'https://twitter.com', NULL, NULL),
	(13, 'linkedin_link', 'https://www.linkedin.com', NULL, NULL),
	(14, 'youtube_link', 'https://www.youtube.com', NULL, NULL),
	(15, 'instagram_link', 'https://www.instagram.com', NULL, NULL),
	(16, 'pinterest_link', 'https://www.pinterest.com', NULL, NULL),
	(17, 'front_copyright_en', 'Copyright 2024 <a href="https://www.bidout-app.egenslab.com/" target="_blank">Bid Out </a>| Design By <a href="https://www.egenslab.com/" target="_blank">Egens Lab</a>', NULL, NULL),
	(18, 'front_copyright_bd', 'Copyright 2024 <a href="https://www.bidout-app.egenslab.com/" target="_blank">Bid Out </a>| Design By <a href="https://www.egenslab.com/" target="_blank">Egens Lab</a>', NULL, NULL),
	(19, 'front_copyright_sa', 'Copyright 2024 <a href="https://www.bidout-app.egenslab.com/" target="_blank">Bid Out </a>| Design By <a href="https://www.egenslab.com/" target="_blank">Egens Lab</a>', NULL, NULL),
	(20, 'breadcamp_img', 'image-breadcurm.png', NULL, NULL),
	(21, 'tax_rate', '5', NULL, NULL),
	(22, 'footer_logo', 'footer-logo-1692027705.png', NULL, NULL),
	(23, 'payment_method_img', 'payment-logo.png', NULL, NULL),
	(24, 'footer_desc_en', 'Bidout is an application about various types of Multivendor Bid and Auction. This theme can be used for different types of purposes.', NULL, NULL),
	(25, 'footer_desc_sa', 'Bidout is an application about various types of Multivendor Bid and Auction. This theme can be used for different types of purposes.', NULL, NULL),
	(26, 'footer_desc_bd', 'Bidout is an application about various types of Multivendor Bid and Auction. This theme can be used for different types of purposes.', NULL, NULL),
	(27, 'time_zone', 'Asia/Dhaka', NULL, NULL),
	(28, 'footer1_status', '1', NULL, NULL),
	(29, 'footer1_title', 'Navigation', NULL, NULL),
	(30, 'footer2_status', '1', NULL, NULL),
	(31, 'footer2_title', 'Help & Support', NULL, NULL),
	(32, 'footer3_status', '1', NULL, NULL),
	(33, 'footer_latest_title', 'Latest Feed', NULL, NULL),
	(34, 'footer4_status', '1', NULL, NULL),
	(35, 'hide_footer_bottom', '1', NULL, NULL),
	(36, 'company_name', 'Jobes', NULL, NULL),
	(37, 'login_btn', 'Login', NULL, NULL),
	(38, 'customer_btn', 'Sign Up', NULL, NULL),
	(39, 'marchant_btn', 'Become a Merchant', NULL, NULL),
	(40, 'merchant_commission', '5', NULL, NULL),
	(41, 'date_format', 'M j, Y', NULL, NULL),
	(42, 'show_preloader', '1', NULL, NULL),
	(43, 'primary_color', '#32C36C', NULL, NULL),
	(44, 'secondary_color', '#1F2230', NULL, NULL),
	(45, 'gdpr_cookie_enabled', '1', NULL, NULL),
	(46, 'gdpr_title_en', 'Decadent Delights: Explore the Artistry of BidOut', NULL, NULL),
	(47, 'gdpr_description_en', '<p>Step into a world where every bite is a blissful journey of flavor and texture. At Bid Out, our cookies are more than just sweet treats  theyre handcrafted masterpieces. From classic chocolate chip to exotic flavor fusions, our collection invites you to savor the artistry of premium ingredients and passion-infused baking.<br></p>', NULL, NULL),
	(48, 'gdpr_title_sa', 'Decadent Delights: Explore the Artistry of BidOut', NULL, NULL),
	(49, 'gdpr_description_sa', '<p>Step into a world where every bite is a blissful journey of flavor and texture. At Bid Out, our cookies are more than just sweet treats  theyre handcrafted masterpieces. From classic chocolate chip to exotic flavor fusions, our collection invites you to savor the artistry of premium ingredients and passion-infused baking.<br></p>', NULL, NULL),
	(50, 'gdpr_title_bd', 'Decadent Delights: Explore the Artistry of BidOut', NULL, NULL),
	(51, 'gdpr_description_bd', '<p>Step into a world where every bite is a blissful journey of flavor and texture. At Bid Out, our cookies are more than just sweet treats  theyre handcrafted masterpieces. From classic chocolate chip to exotic flavor fusions, our collection invites you to savor the artistry of premium ingredients and passion-infused baking.<br></p>', NULL, NULL),
	(52, 'mail_driver', NULL, NULL, NULL),
	(53, 'mail_host', NULL, NULL, NULL),
	(54, 'mail_port', '587', NULL, NULL),
	(55, 'mail_from_address', NULL, NULL, NULL),
	(56, 'mail_from_name', 'Jobes', NULL, NULL),
	(57, 'mail_encryption', 'tls', NULL, NULL),
	(58, 'mail_username', NULL, NULL, NULL),
	(59, 'mail_password', NULL, NULL, NULL),
	(60, 'DEFAULT_LANGUAGE', 'en', NULL, NULL),
	(61, 'header_logo', 'header-logo-1702369353.png', NULL, NULL);


INSERT INTO `stores` (`id`, `name`, `slug`, `author_id`, `email`, `phone`, `address`, `logo`, `cover_img`, `facebook`, `twitter`, `linkedin`, `instagram`, `pinterest`, `youtube`, `created_at`, `updated_at`) VALUES
	(1, 'Egens', 'egens', 2, 'test2@gmail.com', '01711454988', 'Block A, House 82 Rd No 2', 'erezon_fb-1698075694.png', 'Untitled design (3)-1681895266-1698075694.png', '#', '#', '#', '#', '#', '#', '2024-01-22 01:05:00', '2024-01-22 01:05:00');


INSERT INTO `translations` (`id`, `lang`, `lang_key`, `lang_value`, `created_at`, `updated_at`) VALUES
	(1, 'en', 'home', 'Home', '2024-01-22 01:05:18', '2024-01-22 01:05:18'),
	(2, 'en', 'showing', 'Showing', '2024-01-22 01:05:18', '2024-01-22 01:05:18'),
	(3, 'en', 'result', 'result', '2024-01-22 01:05:18', '2024-01-22 01:05:18'),
	(4, 'en', 'general', 'General', '2024-01-22 01:05:18', '2024-01-22 01:05:18'),
	(5, 'en', 'by', 'by', '2024-01-22 01:05:18', '2024-01-22 01:05:18'),
	(6, 'en', 'price', 'Price', '2024-01-22 01:05:18', '2024-01-22 01:05:18'),
	(7, 'en', 'buy_now', 'Buy Now', '2024-01-22 01:05:18', '2024-01-22 01:05:18'),
	(8, 'en', 'what_are_you_lookking_for', 'What are you lookking for', '2024-01-22 01:05:18', '2024-01-22 01:05:18'),
	(9, 'en', 'search_products', 'Search Products', '2024-01-22 01:05:18', '2024-01-22 01:05:18'),
	(10, 'en', 'category', 'Category', '2024-01-22 01:05:18', '2024-01-22 01:05:18'),
	(11, 'en', 'follow_us', 'Follow Us', '2024-01-22 01:05:18', '2024-01-22 01:05:18'),
	(12, 'en', 'email', 'Email', '2024-01-22 01:05:18', '2024-01-22 01:05:18'),
	(13, 'en', 'language', 'Language', '2024-01-22 01:05:18', '2024-01-22 01:05:18'),
	(14, 'en', 'logout', 'Logout', '2024-01-22 01:05:18', '2024-01-22 01:05:18'),
	(15, 'en', 'search', 'Search', '2024-01-22 01:05:18', '2024-01-22 01:05:18'),
	(16, 'en', 'my_account', 'My Account', '2024-01-22 01:05:18', '2024-01-22 01:05:18'),
	(17, 'en', 'navigation', 'Navigation', '2024-01-22 01:05:18', '2024-01-22 01:05:18'),
	(18, 'en', 'help_amp_support', 'Help &amp; Support', '2024-01-22 01:05:18', '2024-01-22 01:05:18'),
	(19, 'en', 'latest_feed', 'Latest Feed', '2024-01-22 01:05:18', '2024-01-22 01:05:18'),
	(20, 'en', 'we_accepts', 'We Accepts', '2024-01-22 01:05:19', '2024-01-22 01:05:19'),
	(21, 'en', 'blogs', 'Blogs', '2024-01-22 01:05:22', '2024-01-22 01:05:22'),
	(22, 'en', 'search_product', 'Search Product', '2024-01-22 01:05:29', '2024-01-22 01:05:29'),
	(23, 'en', 'search_here', 'Search Here', '2024-01-22 01:05:29', '2024-01-22 01:05:29'),
	(24, 'en', 'price_filter', 'Price Filter', '2024-01-22 01:05:29', '2024-01-22 01:05:29'),
	(25, 'en', 'apply', 'Apply', '2024-01-22 01:05:29', '2024-01-22 01:05:29'),
	(26, 'en', 'product_categories', 'Product Categories', '2024-01-22 01:05:29', '2024-01-22 01:05:29'),
	(27, 'en', 'reset', 'Reset', '2024-01-22 01:05:29', '2024-01-22 01:05:29'),
	(28, 'en', 'top_bidding_product', 'Top Bidding Product', '2024-01-22 01:05:29', '2024-01-22 01:05:29'),
	(29, 'en', 'bidding_price', 'Bidding Price', '2024-01-22 01:05:29', '2024-01-22 01:05:29'),
	(30, 'en', 'filter_by', 'Filter By', '2024-01-22 01:05:29', '2024-01-22 01:05:29'),
	(31, 'en', 'auction_products', 'Auction Products', '2024-01-22 01:05:29', '2024-01-22 01:05:29'),
	(32, 'en', 'general_products', 'General Products', '2024-01-22 01:05:29', '2024-01-22 01:05:29'),
	(33, 'en', 'comming_products', 'Comming Products', '2024-01-22 01:05:29', '2024-01-22 01:05:29'),
	(34, 'en', 'auction', 'Auction', '2024-01-22 01:05:29', '2024-01-22 01:05:29'),
	(35, 'en', 'comning_soon', 'Comning Soon', '2024-01-22 01:05:29', '2024-01-22 01:05:29'),
	(36, 'en', 'place_a_bid', 'Place a Bid', '2024-01-22 01:05:29', '2024-01-22 01:05:29'),
	(37, 'en', 'dashboard', 'Dashboard', '2024-01-22 01:05:33', '2024-01-22 01:05:33'),
	(38, 'en', 'total_amount', 'Total Amount', '2024-01-22 01:05:33', '2024-01-22 01:05:33'),
	(39, 'en', 'total_tax_amount', 'Total Tax Amount', '2024-01-22 01:05:33', '2024-01-22 01:05:33'),
	(40, 'en', 'total_profit', 'Total Profit', '2024-01-22 01:05:33', '2024-01-22 01:05:33'),
	(41, 'en', 'total_sale_amount', 'Total Sale Amount', '2024-01-22 01:05:33', '2024-01-22 01:05:33'),
	(42, 'en', 'total_bidding_amount', 'Total Bidding Amount', '2024-01-22 01:05:33', '2024-01-22 01:05:33'),
	(43, 'en', 'order_summery_of_daily', 'Order Summery of daily', '2024-01-22 01:05:33', '2024-01-22 01:05:33'),
	(44, 'en', 'order_summery_of_auction_and_direct_product', 'Order summery of auction and direct product', '2024-01-22 01:05:33', '2024-01-22 01:05:33'),
	(45, 'en', 'daily_deposit_and_withdraw_summery', 'Daily Deposit and Withdraw Summery', '2024-01-22 01:05:34', '2024-01-22 01:05:34'),
	(46, 'en', 'daily_register_customer_and_marchant_report', 'Daily Register Customer and Marchant Report', '2024-01-22 01:05:34', '2024-01-22 01:05:34'),
	(47, 'en', 'profile', 'Profile', '2024-01-22 01:05:34', '2024-01-22 01:05:34'),
	(48, 'en', 'my_shop', 'My Shop', '2024-01-22 01:05:34', '2024-01-22 01:05:34'),
	(49, 'en', 'frontend_settings', 'Frontend Settings', '2024-01-22 01:05:34', '2024-01-22 01:05:34'),
	(50, 'en', 'backend_settings', 'Backend Settings', '2024-01-22 01:05:34', '2024-01-22 01:05:34'),
	(51, 'en', 'categories', 'Categories', '2024-01-22 01:05:34', '2024-01-22 01:05:34'),
	(52, 'en', 'products', 'Products', '2024-01-22 01:05:34', '2024-01-22 01:05:34'),
	(53, 'en', 'winner', 'Winner', '2024-01-22 01:05:34', '2024-01-22 01:05:34'),
	(54, 'en', 'orders', 'Orders', '2024-01-22 01:05:34', '2024-01-22 01:05:34'),
	(55, 'en', 'bidding', 'Bidding', '2024-01-22 01:05:34', '2024-01-22 01:05:34'),
	(56, 'en', 'transaction', 'Transaction', '2024-01-22 01:05:34', '2024-01-22 01:05:34'),
	(57, 'en', 'merchant', 'Merchant', '2024-01-22 01:05:34', '2024-01-22 01:05:34'),
	(58, 'en', 'customer', 'Customer', '2024-01-22 01:05:34', '2024-01-22 01:05:34'),
	(59, 'en', 'deposits', 'Deposits', '2024-01-22 01:05:34', '2024-01-22 01:05:34'),
	(60, 'en', 'withdrawal', 'Withdrawal', '2024-01-22 01:05:34', '2024-01-22 01:05:34'),
	(61, 'en', 'pages', 'Pages', '2024-01-22 01:05:34', '2024-01-22 01:05:34'),
	(62, 'en', 'menu', 'Menu', '2024-01-22 01:05:34', '2024-01-22 01:05:34'),
	(63, 'en', 'email_template', 'Email Template', '2024-01-22 01:05:34', '2024-01-22 01:05:34'),
	(64, 'en', 'ticketsupport', 'Ticket/Support', '2024-01-22 01:05:34', '2024-01-22 01:05:34'),
	(65, 'en', 'languages', 'Languages', '2024-01-22 01:05:34', '2024-01-22 01:05:34'),
	(66, 'en', 'payment_methods', 'Payment Methods', '2024-01-22 01:05:34', '2024-01-22 01:05:34'),
	(67, 'en', 'location', 'Location', '2024-01-22 01:05:34', '2024-01-22 01:05:34'),
	(68, 'en', 'contacts', 'Contacts', '2024-01-22 01:05:34', '2024-01-22 01:05:34'),
	(69, 'en', 'backend_setting', 'Backend Setting', '2024-01-22 01:05:34', '2024-01-22 01:05:34'),
	(70, 'en', 'frontend_setting', 'Frontend Setting', '2024-01-22 01:05:34', '2024-01-22 01:05:34'),
	(71, 'en', 'all_bidding', 'All Bidding', '2024-01-22 01:05:36', '2024-01-22 01:05:36'),
	(72, 'en', 'total_bidder', 'Total Bidder', '2024-01-22 01:05:36', '2024-01-22 01:05:36'),
	(73, 'en', 'total_winner', 'Total Winner', '2024-01-22 01:05:36', '2024-01-22 01:05:36'),
	(74, 'en', 'live_auctions', 'Live Auctions', '2024-01-22 01:05:36', '2024-01-22 01:05:36'),
	(75, 'en', 'closed_bids', 'Closed Bids', '2024-01-22 01:05:36', '2024-01-22 01:05:36'),
	(76, 'en', 'order_number', 'Order Number', '2024-01-22 01:05:36', '2024-01-22 01:05:36'),
	(77, 'en', 'date', 'Date', '2024-01-22 01:05:36', '2024-01-22 01:05:36'),
	(78, 'en', 'customer_name', 'Customer Name', '2024-01-22 01:05:36', '2024-01-22 01:05:36'),
	(79, 'en', 'email__phone', 'Email / Phone', '2024-01-22 01:05:36', '2024-01-22 01:05:36'),
	(80, 'en', 'product', 'Product', '2024-01-22 01:05:36', '2024-01-22 01:05:36'),
	(81, 'en', 'bid_amount', 'Bid Amount', '2024-01-22 01:05:36', '2024-01-22 01:05:36'),
	(82, 'en', 'payment_status', 'Payment Status', '2024-01-22 01:05:36', '2024-01-22 01:05:36'),
	(83, 'en', 'status', 'Status', '2024-01-22 01:05:36', '2024-01-22 01:05:36'),
	(84, 'en', 'option', 'Option', '2024-01-22 01:05:36', '2024-01-22 01:05:36'),
	(85, 'en', 'no_data_found', 'No Data Found', '2024-01-22 01:05:36', '2024-01-22 01:05:36'),
	(86, 'en', 'winner_list', 'Winner List', '2024-01-22 01:05:36', '2024-01-22 01:05:36'),
	(87, 'en', 'order_status', 'Order Status', '2024-01-22 01:05:36', '2024-01-22 01:05:36');



INSERT INTO `widgets` (`id`, `widget_name`, `widget_slug`, `icon`, `status`, `created_at`, `updated_at`) VALUES
	(1, 'About Us', 'about-content', '<i class="bi bi-file-person"></i>', 1, '2024-01-22 01:05:00', '2024-01-22 01:05:00'),
	(2, 'Sliders', 'sliders', '<i class="bi bi-sliders"></i>', 1, '2024-01-22 01:05:00', '2024-01-22 01:05:00'),
	(3, 'Categories', 'categories', '<i class="bi bi-list"></i>', 1, '2024-01-22 01:05:00', '2024-01-22 01:05:00'),
	(4, 'Latest Product', 'latest-product', '<i class="bi bi-map"></i>', 1, '2024-01-22 01:05:00', '2024-01-22 01:05:00'),
	(5, 'Up Coming', 'up-coming-auctions', '<i class="bi bi-calendar3"></i>', 1, '2024-01-22 01:05:00', '2024-01-22 01:05:00'),
	(6, 'Testimonial', 'testimonial', '<i class="bi bi-chat-right-quote"></i>', 1, '2024-01-22 01:05:00', '2024-01-22 01:05:00'),
	(7, 'Latest Blog', 'our-recent-news', '<i class="bi bi-newspaper"></i>', 1, '2024-01-22 01:05:00', '2024-01-22 01:05:00'),
	(8, 'Fun Facts', 'fun-facts', '<i class="bi bi-emoji-smile"></i>', 1, '2024-01-22 01:05:00', '2024-01-22 01:05:00'),
	(9, 'Why Choose Us', 'features', '<i class="bi bi-star"></i>', 1, '2024-01-22 01:05:00', '2024-01-22 01:05:00'),
	(10, 'Procedures', 'procedures', '<i class="bi bi-bar-chart-steps"></i>', 1, '2024-01-22 01:05:00', '2024-01-22 01:05:00'),
	(11, 'Blogs', 'blogs', '<i class="bi bi-newspaper"></i>', 1, '2024-01-22 01:05:00', '2024-01-22 01:05:00'),
	(12, 'Faq', 'faq', '<i class="bi bi-question-square"></i>', 1, '2024-01-22 01:05:00', '2024-01-22 01:05:00'),
	(13, 'Code Editor', 'code-editor', '<i class="bi bi-code"></i>', 1, '2024-01-22 01:05:00', '2024-01-22 01:05:00'),
	(14, 'Contact Us', 'contact-us', '<i class="bi bi-telephone"></i>', 1, '2024-01-22 01:05:00', '2024-01-22 01:05:00'),
	(15, 'All Store', 'all-store', '<i class="bi bi-telephone"></i>', 1, '2024-01-22 01:05:00', '2024-01-22 01:05:00'),
	(16, 'All Product', 'all-product', '<i class="bi bi-telephone"></i>', 1, '2024-01-22 01:05:00', '2024-01-22 01:05:00');


INSERT INTO `widget_contents` (`id`, `page_id`, `widget_slug`, `ui_card_number`, `widget_content`, `position`, `status`, `created_at`, `updated_at`) VALUES
	(1, 1, 'latest-product', '9311884', '{"live_auctions_title":"Live Auction","total_display_live_auctions":"6","live_auctions_order_by":"desc","product_type":"auction","page_url":"https:\\/\\/www.bidout-app.egenslab.com\\/auction-product","live_auctions_descriptions":"Discover Unique Treasures - Bid and Win! Uncover a World of Exclusivity at Your Fingertips\\r\\nAuction Extravaganza"}', 3, 1, '2024-01-22 01:05:00', '2024-01-22 01:05:00'),
	(2, 1, 'up-coming-auctions', '93d31af', '{"upcoming_auctions_main_title":"Up Comming Auction","upcoming_auctions_descriptions":"Your Gateway to Rare Finds Place Your Bid, Seize the Moment, and Own the Extraordinary\\r\\nElevate Your Collection with Our Exclusive Auctions","total_upcoming_auctions_display":"4","upcoming_auctions_order_by":"asc","product_type":"1","page_url":"https:\\/\\/www.bidout-app.egenslab.com\\/auction-product"}', 4, 1, '2024-01-22 01:05:00', '2024-01-22 01:05:00'),
	(3, 1, 'our-recent-news', '963f4d6', '{"recent_news_main_title":"Our Recent News","total_display_recent_news":"3","recent_news_order_by":"desc","recent_news_descriptions":"Explore on the worldsbest & largest Bidding marketplace with our beautiful Bidding products. We want to be a part of your smile, success and future growth."}', 10, 1, '2024-01-22 01:05:00', '2024-01-22 01:05:00'),
	(4, 1, 'sliders', 'c00f61b', '{"slider":{"1":{"title":"Purchase Dream Product & Try.","sub_title":"Welcome To Auction House","button_text":"Start Exploring","button_url":"https:\\/\\/www.bidout-app.egenslab.com\\/browse-products","img":"banner-bg11-1694236521.png","description":"Join us virtually for Meta Connect and tune into sessions featuring Meta Quest 3, AI and the metaverse. You\\u2019ll also get first-looks at new products and updates on Meta Presence Platform, Meta Spark and a whole lot more. Register now at"},"2":{"title":"Build, sell & collect digital items.","sub_title":"Welcome To Auction House","button_text":"Start Exploring","button_url":"https:\\/\\/www.bidout-app.egenslab.com\\/browse-products","img":"banner-bg22-1694236546.png","description":"Join us virtually for Meta Connect and tune into sessions featuring Meta Quest 3, AI and the metaverse. You\\u2019ll also get first-looks at new products and updates on Meta Presence Platform, Meta Spark and a whole lot more. Register now at"}}}', 1, 1, '2024-01-22 01:05:00', '2024-01-22 01:05:00'),
	(5, 1, 'testimonial', 'a84322a', '{"testimonial_main_title":"What Client Say","testimonial_main_descriptions":"Ive been using it to sell my items, and I couldnt be happier with the results. The platform is user-friendly, and I was able to reach a wide audience for my auctions. The seamless bidding process and secure transactions make it my go-to choice for online auctions.","testimonials":{"1":{"testimonial_name":"Johan Martin","testimonial_designations":"CEO","img":"yannie_tan-1694255143.jpg","testimonial_descriptions":"As a frequent buyer on I appreciate the diverse range of items available and the excitement of the bidding process. The websites intuitive design and transparent information about each listing make it easy to find and bid on items I love."},"2":{"testimonial_name":"Jamie anderson","testimonial_designations":"CTO","img":"nadia_k-1694255143.jpg","testimonial_descriptions":"Our company has been using it to liquidate excess inventory, and the results have exceeded our expectations. The platforms reach, combined with its efficient auction management tools, has streamlined our selling process and maximized returns."},"3":{"testimonial_name":"Jhon Peter","testimonial_designations":"Manager","img":"jeremy_mcKeehen-1694257879.jpg","testimonial_descriptions":"Being a collector, Ive explored various auction platforms, and BidOut stands out for its diverse selection and reputable sellers. The platform provides a reliable and secure environment for both buyers and sellers."},"4":{"testimonial_name":"Johan Martin","testimonial_designations":"Asst. Manager","img":"mahesh_fonseka-1694257879.jpg","testimonial_descriptions":"Our charity organization has successfully hosted online fundraisers using Bidout. The platforms support for charitable auctions, coupled with its user-friendly interface, has allowed us to connect with generous donors and raise funds for our cause."}}}', 5, 1, '2024-01-22 01:05:00', '2024-01-22 01:05:00'),
	(6, 1, 'fun-facts', 'f618d7c', '{"fun_facts":{"1":{"title":"Happy Customer","number_count":"5400","img":"employee-1694260644.svg"},"2":{"title":"Good Reviews","number_count":"1250","img":"review-1694260644.svg"},"3":{"title":"Winner Customer","number_count":"4250","img":"smily-1694260644.svg"},"4":{"title":"New Comments","number_count":"500","img":"comment-1694260644.svg"}}}', 11, 1, '2024-01-22 01:05:00', '2024-01-22 01:05:00'),
	(7, 1, 'categories', 'f58932b', '{"total_display_categories":"20","category_order_type":"desc"}', 2, 1, '2024-01-22 01:05:00', '2024-01-22 01:05:00'),
	(8, 2, 'about-content', 'e1e9db8', '{"about_content_title":"We Work for Your Incredible Success","about_content_sub_title":"WHO WE ARE!","about_content_descriptions":"Auction sites present consumers with a thrilling, competitive way to buy the goods and services they need most. But getting your own auction site up and running has always required learning complex coding languages, or hiring an expensive design firm for thousands of dollars and months of work.","total_raised":"45390","about_content_btn_text":"More About","about_content_btn_url":"#","img":"about-img (1)-1694336846.png","abouts":[{"image":{}}]}', 1, 1, '2024-01-22 01:05:00', '2024-01-22 01:05:00'),
	(9, 2, 'features', '9b87e5e', '{"features_main_title":"Why Choose Us","features_main_descriptions":"We are tirelessly scours the globe to present you with only the most exceptional pieces, ensuring each auction is a showcase of excellence.","features":{"1":{"name":"High Quality Products","img":"egens-PbqQhBushb.svg","descriptions":"Explore on the worldsbest & largest Bidding marketplace with our beautiful Bidding products. We want to be a part of your smile, success and future growth."},"2":{"name":"Creator\\u2019s Royalty","img":"egens-UKGFGjdnCg.svg","descriptions":"Explore on the worldsbest & largest Bidding marketplace with our beautiful Bidding products. We want to be a part of your smile, success and future growth."},"3":{"name":"Support Multiple Currency","img":"egens-Kah2GAwjBx.svg","descriptions":"Explore on the worldsbest & largest Bidding marketplace with our beautiful Bidding products. We want to be a part of your smile, success and future growth."},"4":{"name":"Top Calss Product Price","img":"egens-AfkLRAUJgU.svg","descriptions":"Explore on the worldsbest & largest Bidding marketplace with our beautiful Bidding products. We want to be a part of your smile, success and future growth."},"5":{"name":"Show All Bidders History","img":"egens-CqmISBABOL.svg","descriptions":"Explore on the worldsbest & largest Bidding marketplace with our beautiful Bidding products. We want to be a part of your smile, success and future growth."},"6":{"name":"100% Happy Customer","img":"egens-DlQoe9k25c.svg","descriptions":"Explore on the worldsbest & largest Bidding marketplace with our beautiful Bidding products. We want to be a part of your smile, success and future growth."}}}', 2, 1, '2024-01-22 01:05:00', '2024-01-22 01:05:00'),
	(10, 2, 'testimonial', '867fe3b', '{"testimonial_main_title":"What Client Say","testimonial_main_descriptions":"Ive been using it to sell my items, and I couldnt be happier with the results. The platform is user-friendly, and I was able to reach a wide audience for my auctions. The seamless bidding process and secure transactions make it my go-to choice for online auctions.","testimonials":{"1":{"testimonial_name":"Johan Martin","testimonial_designations":"CEO","img":"yannie_tan-1694255143.jpg","testimonial_descriptions":"As a frequent buyer on I appreciate the diverse range of items available and the excitement of the bidding process. The websites intuitive design and transparent information about each listing make it easy to find and bid on items I love"},"2":{"testimonial_name":"Jamie anderson","testimonial_designations":"CTO","img":"nadia_k-1694255143.jpg","testimonial_descriptions":"Our company has been using it to liquidate excess inventory, and the results have exceeded our expectations. The platforms reach, combined with its efficient auction management tools, has streamlined our selling process and maximized returns."},"3":{"testimonial_name":"Jhon Peter","testimonial_designations":"Manager","img":"jeremy_mcKeehen-1694257879.jpg","testimonial_descriptions":"Being a collector, Ive explored various auction platforms, and BidOut stands out for its diverse selection and reputable sellers. The platform provides a reliable and secure environment for both buyers and sellers."},"4":{"testimonial_name":"Johan Martin","testimonial_designations":"Asst. Manager","img":"mahesh_fonseka-1694257879.jpg","testimonial_descriptions":"Our charity organization has successfully hosted online fundraisers using Bidout. The platforms support for charitable auctions, coupled with its user-friendly interface, has allowed us to connect with generous donors and raise funds for our cause."}}}', 3, 1, '2024-01-22 01:05:00', '2024-01-22 01:05:00'),
	(11, 2, 'fun-facts', '9e49609', '{"fun_facts":{"1":{"title":"Happy Customer","number_count":"5400","img":"employee-1694260644.svg"},"2":{"title":"Good Reviews","number_count":"1250","img":"review-1694260644.svg"},"3":{"title":"Winner Customer","number_count":"4250","img":"smily-1694260644.svg"},"4":{"title":"New Comments","number_count":"500","img":"comment-1694260644.svg"}}}', 4, 1, '2024-01-22 01:05:00', '2024-01-22 01:05:00'),
	(12, 3, 'procedures', '8b20657', '{"procedures":{"1":{"name":"Register Now & Start Selleing Your Things","img":"egens-AQ4uTeHjEa.png","button_text":"Register Account","button_url":"#","description":"Users need to create an account on the auction website. This usually involves providing personal information, creating a username, and setting a password. Some auction websites may require users to verify their email address or mobile number to activate their accounts.\\r\\n\\r\\nUsers can browse through a variety of product listings on the auction website. These listings may include images, detailed descriptions, and starting bid prices."},"2":{"name":"Select Your Item","img":"egens-HF2SWEktqW.png","button_text":"Add Your Item","button_url":"#","description":"Interested buyers can participate in auctions by placing bids on items they wish to purchase. Each bid increases the current bid amount, and the auction continues until a specified end time. Users can monitor the progress of auctions theyre interested in. Notifications or alerts may be provided to inform users if they are outbid.\\r\\n\\r\\nThe user with the highest bid at the end of the auction wins the item. Some auction websites may employ automatic bidding systems where users can set a maximum bid, and the system automatically places bids on their behalf until the maximum is reached."},"3":{"name":"Purcahse Items","img":"egens-dmUZhCh2mE.png","button_text":"Purchase Item","button_url":"#","description":"After winning an auction, the buyer needs to proceed with payment. The auction website typically provides multiple payment options, such as credit\\/debit cards, online payment platforms, or other forms of electronic payment. Buyers are required to provide shipping details, including the shipping address. Some auction websites may offer integrated shipping services or partnerships with logistics companies.\\r\\n\\r\\nOnce payment is confirmed, the seller ships the item to the buyer. Buyers receive the purchased item and can confirm the receipt on the auction website."}}}', 1, 1, '2024-01-22 01:05:00', '2024-01-22 01:05:00'),
	(13, 3, 'features', 'e89d8bc', '{"features_main_title":"Why Choose Us","features_main_descriptions":"We are tirelessly scours the globe to present you with only the most exceptional pieces, ensuring each auction is a showcase of excellence.","features":{"1":{"name":"High Quality Products","img":"egens-wJUuauRLgJ.svg","descriptions":"Explore on the worldsbest & largest Bidding marketplace with our beautiful Bidding products. We want to be a part of your smile, success and future growth."},"2":{"name":"Creator\\u2019s Royalty","img":"egens-lzoidzt6ue.svg","descriptions":"Explore on the worldsbest & largest Bidding marketplace with our beautiful Bidding products. We want to be a part of your smile, success and future growth."},"3":{"name":"Support Multiple Currency","img":"egens-vHMq1w1xqn.svg","descriptions":"Explore on the worldsbest & largest Bidding marketplace with our beautiful Bidding products. We want to be a part of your smile, success and future growth."},"4":{"name":"Top Calss Product Price","img":"egens-njPwoltYRx.svg","descriptions":"Explore on the worldsbest & largest Bidding marketplace with our beautiful Bidding products. We want to be a part of your smile, success and future growth."},"5":{"name":"Show All Bidders History","img":"egens-ca84v9keKT.svg","descriptions":"Explore on the worldsbest & largest Bidding marketplace with our beautiful Bidding products. We want to be a part of your smile, success and future growth."},"6":{"name":"100% Happy Customer","img":"egens-2kTQwCFX0I.svg","descriptions":"Explore on the worldsbest & largest Bidding marketplace with our beautiful Bidding products. We want to be a part of your smile, success and future growth."}}}', 2, 1, '2024-01-22 01:05:00', '2024-01-22 01:05:00'),
	(14, 3, 'fun-facts', '4202d34', '{"fun_facts":{"1":{"title":"Happy Customer","number_count":"5400","img":"employee-1694260644.svg"},"2":{"title":"Good Reviews","number_count":"1250","img":"review-1694260644.svg"},"3":{"title":"Winner Customer","number_count":"4250","img":"smily-1694260644.svg"},"4":{"title":"New Comments","number_count":"500","img":"comment-1694260644.svg"}}}', 3, 1, '2024-01-22 01:05:00', '2024-01-22 01:05:00'),
	(15, 4, 'contact-us', '5cdecc0', '{"main_title":"Get in Touch","sub_title":"Feel free to ask me any question or letsdo to talk about our future collaboration.","location":"168\\/170, Ave 01,Old York Drive Rich Mirpur, Dhaka","irame_link":"<iframe src=\\"https:\\/\\/www.google.com\\/maps\\/embed?pb=!1m18!1m12!1m3!1d6255252.31904332!2d-106.08810052683293!3d40.04590513383155!2m3!1f0!2f0!3f0!3m2!1i1024!2i768!4f13.1!3m3!1m2!1s0x54eab584e432360b%3A0x1c3bb99243deb742!2sUnited%20States!5e0!3m2!1sen!2sbd!4v1650355365902!5m2!1sen!2sbd\\" style=\\"border:0;\\" allowfullscreen=\\"\\" loading=\\"lazy\\" referrerpolicy=\\"no-referrer-when-downgrade\\"><\\/iframe>","phone":{"1":{"phone_number":"+02 135498 26649"},"2":{"phone_number":"+8801761111456"}},"email":{"1":{"email_name":"support@example.com"},"2":{"email_name":"info@example.com"}}}', 3, 1, '2024-01-22 01:05:00', '2024-01-22 01:05:00'),
	(16, 5, 'code-editor', '39b6e9e', '{"content":"<p>Comprehensive terms and conditions for an auction and bidding of a product are essential to protect both the platform and its users. Below you can use it as a starting point. Keep in mind that its crucial to consult with legal professionals to ensure that these terms comply with local laws and regulations.<\\/p><p><br><\\/p><p><b>BidOut-&nbsp;Auction and Bidding <\\/b>Platform Terms and Conditions<\\/p><p><br><\\/p><p><b><span style=\\"font-size: 18px;\\">1. Acceptance of Terms<\\/span><\\/b><\\/p><p><span style=\\"font-size: 1rem;\\">By accessing and using [Your Website Name] (hereinafter referred to as \\"the Website\\"), you agree to comply with and be bound by these terms and conditions. If you do not agree with any part of these terms, you must not use the Website.<\\/span><br><\\/p><p><br><\\/p><p><b><span style=\\"font-size: 18px;\\">2. User Accounts<\\/span><\\/b><\\/p><p><span style=\\"font-size: 1rem;\\"><b>2.1.<\\/b> To access certain features of the Website, you may need to create a user account. You are responsible for maintaining the confidentiality of your account information and agree to accept responsibility for all activities that occur under your account.<\\/span><br><\\/p><p><span style=\\"font-size: 1rem;\\"><b>2.2.<\\/b> You must provide accurate and complete information when creating your account. If you provide any information that is untrue, inaccurate, not current, or incomplete, we reserve the right to suspend or terminate your account.<\\/span><br><\\/p><p><br><\\/p><p><b>3. Auctions and Bidding Process<\\/b><\\/p><p><span style=\\"font-size: 1rem;\\"><b>3.1.<\\/b> The Website acts as a platform for users to participate in auctions and place bids on items. The highest bid at the end of the auction period will be deemed the winner.<\\/span><br><\\/p><p><span style=\\"font-size: 1rem;\\"><b>3.2.<\\/b> All bids placed are final and cannot be retracted. By placing a bid, you are committing to purchase the item at the bid price, plus any applicable fees.<\\/span><br><\\/p><p><span style=\\"font-size: 1rem;\\"><b>3.3.<\\/b> BidOut reserves the right to cancel, suspend, or extend any auction at its discretion.<\\/span><br><\\/p><p><br><\\/p><p><b><span style=\\"font-size: 18px;\\">4. Fees and Payments<\\/span><\\/b><\\/p><p><span style=\\"font-size: 1rem;\\"><b>4.1.<\\/b> Users may be subject to fees associated with listing items, successful sales, and other applicable services. The fee structure is outlined on the Website and is subject to change with notice.<\\/span><br><\\/p><p><span style=\\"font-size: 1rem;\\"><b>4.2.<\\/b> All payments must be made in accordance with the payment methods specified on the Website.<\\/span><br><\\/p><p><span style=\\"font-size: 1rem;\\"><b>4.3.<\\/b> Failure to pay fees may result in the suspension or termination of your account.<\\/span><br><\\/p><p><br><\\/p><p><b><span style=\\"font-size: 18px;\\">5. Item Descriptions and Representations<\\/span><\\/b><\\/p><p><span style=\\"font-size: 1rem;\\"><b>5.1.<\\/b> Sellers are responsible for providing accurate and truthful information about the items they list on the Website.<\\/span><br><\\/p><p><span style=\\"font-size: 1rem;\\"><b>5.2.<\\/b>BidOut is not responsible for the accuracy of item descriptions or the quality of items listed.<\\/span><br><\\/p><p><br><\\/p><p><b><span style=\\"font-size: 18px;\\">6. Dispute Resolution<\\/span><\\/b><\\/p><p><span style=\\"font-size: 1rem;\\"><b>6.1.<\\/b> In the event of a dispute between users, [Your Website Name] may, at its discretion, provide assistance in resolving the dispute. However, [Your Website Name] is not obligated to act as a mediator or arbitrator.<\\/span><br><\\/p><p><br><\\/p><p><b><span style=\\"font-size: 18px;\\">7. Limitation of Liability<\\/span><\\/b><\\/p><p><span style=\\"font-size: 1rem;\\"><b>7.1.<\\/b> BidOut is not liable for any direct, indirect, incidental, special, or consequential damages resulting from the use of the Website or the inability to use the Website.<\\/span><br><\\/p><p><br><\\/p><p><b><span style=\\"font-size: 18px;\\">8. Termination<\\/span><\\/b><\\/p><p><span style=\\"font-size: 1rem;\\"><b>8.1.<\\/b>BidOut reserves the right to suspend or terminate any user account at its discretion, without prior notice.<\\/span><br><\\/p><p><br><\\/p><p><b><span style=\\"font-size: 18px;\\">9. Changes to Terms and Conditions<\\/span><\\/b><\\/p><p><br><\\/p><p><b>9.1.&nbsp;<\\/b>BidOut reserves the right to modify these terms and conditions at any time. Users will be notified of any changes, and continued use of the Website constitutes acceptance of the modified terms.<\\/p><p><br><\\/p><p><b><span style=\\"font-size: 18px;\\">10. Governing Law<\\/span><\\/b><\\/p><p><span style=\\"font-size: 1rem;\\"><b>10.1.<\\/b> These terms and conditions are governed by the laws of [Your Jurisdiction]. Any disputes arising from the use of the Website shall be subject to the exclusive jurisdiction of the courts of Jurisdiction.<\\/span><br><\\/p><p><br><\\/p><p>By using the Website, you agree to these terms and conditions. If you have any questions or concerns, please contact with admin.<\\/p>"}', 1, 1, '2024-01-22 01:05:00', '2024-01-22 01:05:00'),
	(17, 6, 'code-editor', 'a9c63c9', '{"content":"<p><b><span style=\\"font-size: 24px;\\">Welcome to <u>BidOut<\\/u> Help Center<\\/span><\\/b><\\/p><p><span style=\\"font-size: 1rem;\\">Welcome to the BidOut Help Center! Whether youre a seasoned bidder or a first-time user, this page is designed to provide you with the information you need to navigate our platform effectively. If you have any questions or concerns that are not addressed here.<\\/span><br><\\/p><p><br><\\/p><p><b><span style=\\"font-size: 18px;\\"><u>Getting Started<\\/u><\\/span><\\/b><\\/p><p><b>1. Creating an Account:<\\/b><\\/p><p>To start bidding on exciting items, you need to create an account. Check our guide on how to set up your account securely and efficiently.<\\/p><p><b style=\\"font-size: 1rem;\\">2. Navigating the Dashboard:<\\/b><br><\\/p><p>Learn how to explore auctions, view item details, and manage your bids through our intuitive user dashboard.<\\/p><p><br><\\/p><p><b><span style=\\"font-size: 18px;\\"><u>Placing Bids<\\/u><\\/span><\\/b><\\/p><p><b>1. How to Place a Bid:<\\/b><\\/p><p>Step-by-step instructions on placing bids to ensure youre in the running for your desired items.<\\/p><p><b style=\\"font-size: 1rem;\\">2. Automatic Bidding (Proxy Bidding):<\\/b><br><\\/p><p>Understand how our automatic bidding system works to help you stay ahead in auctions.<\\/p><p><br><\\/p><p><b><span style=\\"font-size: 18px;\\"><u>Managing Your Account<\\/u><\\/span><\\/b><\\/p><p><b>1. Updating Account Information:<\\/b><\\/p><p>Learn how to keep your account details up-to-date, including changing your password and updating payment information.<\\/p><p><b style=\\"font-size: 1rem;\\">2. Notifications and Alerts:<\\/b><br><\\/p><p>Customize your notification preferences to stay informed about auction updates, bid status, and more.<\\/p><p><br><\\/p><p><b><span style=\\"font-size: 18px;\\"><u>Selling Items<\\/u><\\/span><\\/b><\\/p><p><b>1. Listing Items for Auction:<\\/b><\\/p><p>If youre looking to sell, check our guide on creating compelling listings and attracting potential buyers.<\\/p><p><b style=\\"font-size: 1rem;\\">2. Managing Your Listings:<\\/b><br><\\/p><p>Learn how to edit, renew, or end your auctions, and track the performance of your listed items.<\\/p><p><br><\\/p><p><b><span style=\\"font-size: 18px;\\"><u>Payments and Fees<\\/u><\\/span><\\/b><\\/p><p><b>1. Understanding Fees:<\\/b><\\/p><p>Get an overview of our fee structure, including listing fees, final value fees, and other applicable charges.<\\/p><p><span style=\\"font-size: 1rem;\\"><b>2. Making Payments:<\\/b><\\/span><br><\\/p><p>Guidance on making secure and seamless payments for your won items.<\\/p><p><br><\\/p><p><b><span style=\\"font-size: 18px;\\"><u>Troubleshooting and FAQs<\\/u><\\/span><\\/b><\\/p><p><b>1. Common Issues:<\\/b><\\/p><p>Find solutions to common problems users encounter during auctions and bidding.<\\/p><p><b style=\\"font-size: 1rem;\\">2. Frequently Asked Questions:<\\/b><br><\\/p><p>Explore our comprehensive FAQs for quick answers to the most commonly asked questions.<\\/p><p><br><\\/p><p><b><u><span style=\\"font-size: 18px;\\">Policies and Guidelines<\\/span><\\/u><\\/b><\\/p><p><b>1. Terms and Conditions:<\\/b><\\/p><p>Review our terms and conditions to understand the rules governing the use of our platform.<\\/p><p><span style=\\"font-size: 1rem;\\"><b>2. Privacy Policy:<\\/b><\\/span><br><\\/p><p>Learn about how we handle your personal information and ensure your privacy.<\\/p><p><br><\\/p><p><b><span style=\\"font-size: 18px;\\">Contact Us<\\/span><\\/b><\\/p><p>Still Need Help?<\\/p><p>If you cant find the information youre looking for, or if you have specific concerns, feel free to reach out to our support team at <b>info@bidout.com .<\\/b><\\/p><p><br><\\/p><p>Thank you for choosing <b>BidOut<\\/b>! Happy bidding!<\\/p>"}', 2, 1, '2024-01-22 01:05:00', '2024-01-22 01:05:00'),
	(18, 7, 'faq', 'b36430a', '{"main_title":"Frequently Asked Questions","faqs":{"1":{"title":"How can I place a bid on an item?","description":"Bidding is easy! Simply navigate to the item youreinterested in, enter your bid amount, and click the \\"Place Bid\\" button. Make sure to review your bid before confirming. Youll receive real-time updates on the bidding status of the item."},"2":{"title":"What payment methods are accepted?","description":"We accept various secure payment methods, including major credit cards and digital payment options. Payment details will be provided at the end of a successful auction. Rest assured, all transactions are encrypted for your security."},"3":{"title":"Can I track the status of my bids?","description":"Yes, you can track your bids in real-time. Visit the \\"My Bids\\" section in your account to view the items youve bid on, their current status, and whether you are the highest bidder."},"4":{"title":"How can I ensure the authenticity of items?","description":"We prioritize transparency and authenticity. Each item is accompanied by detailed descriptions and, when available, provenance information. Our team thoroughly vets items to ensure their legitimacy and quality."},"5":{"title":"Is my personal information secure?","description":"Yes, we take the security of your information seriously. Our website employs encryption protocols to safeguard your personal and payment details. Refer to our Privacy Policy for more details on data protection measures."}}}', 1, 1, '2024-01-22 01:05:00', '2024-01-22 01:05:00'),
	(19, 8, 'all-product', 'a7f9e10', '{"display_per_page":"9","storted_by":"desc","product_type":"auction","sidebar_enable":"no"}', 1, 1, '2024-01-22 01:05:00', '2024-01-22 01:05:00'),
	(20, 9, 'all-product', '446218b', '{"display_per_page":"9","storted_by":"desc","product_type":"direct","sidebar_enable":"no"}', 1, 1, '2024-01-22 01:05:00', '2024-01-22 01:05:00'),
	(21, 10, 'all-product', '6c8a840', '{"display_per_page":null,"storted_by":"desc","product_type":"all","sidebar_enable":"yes"}', 1, 1, '2024-01-22 01:05:00', '2024-01-22 01:05:00'),
	(22, 11, 'all-store', 'aa0deb4', '{"display_per_page":"9","order_by_blogs":"asc"}', 1, 1, '2024-01-22 01:05:00', '2024-01-22 01:05:00'),
	(23, 12, 'procedures', 'e89d8be', '{"procedures":{"1":{"name":"Register Now & Start Selleing Your Things","img":"egens-AQ4uTeHjEa.png","button_text":"Register Account","button_url":"#","description":"Users need to create an account on the auction website. This usually involves providing personal information, creating a username, and setting a password. Some auction websites may require users to verify their email address or mobile number to activate their accounts.\\r\\n\\r\\nUsers can browse through a variety of product listings on the auction website. These listings may include images, detailed descriptions, and starting bid prices."},"2":{"name":"Select Your Item","img":"egens-HF2SWEktqW.png","button_text":"Add Your Item","button_url":"#","description":"Interested buyers can participate in auctions by placing bids on items they wish to purchase. Each bid increases the current bid amount, and the auction continues until a specified end time. Users can monitor the progress of auctions theyre interested in. Notifications or alerts may be provided to inform users if they are outbid.\\r\\n\\r\\nThe user with the highest bid at the end of the auction wins the item. Some auction websites may employ automatic bidding systems where users can set a maximum bid, and the system automatically places bids on their behalf until the maximum is reached."},"3":{"name":"Purcahse Items","img":"egens-dmUZhCh2mE.png","button_text":"Purchase Item","button_url":"#","description":"After winning an auction, the buyer needs to proceed with payment. The auction website typically provides multiple payment options, such as credit\\/debit cards, online payment platforms, or other forms of electronic payment. Buyers are required to provide shipping details, including the shipping address. Some auction websites may offer integrated shipping services or partnerships with logistics companies.\\r\\n\\r\\nOnce payment is confirmed, the seller ships the item to the buyer. Buyers receive the purchased item and can confirm the receipt on the auction website."}}}', 1, 1, '2024-01-22 01:05:00', '2024-01-22 01:05:00'),
	(24, 13, 'all-product', '446218b', '{"display_per_page":"9","storted_by":"desc","product_type":"direct","sidebar_enable":"no"}', 1, 1, '2024-01-22 01:05:00', '2024-01-22 01:05:00');

